Data Date,Company Number,Long-term Debt/Invested Capital,Total Debt/Invested Capital,Receivables/Current Assets,Total Debt/Total Assets,Total Debt/EBITDA,Long-term Debt/Total Liabilities,Cash Flow/Total Debt,Long-term Debt/Book Equity,Total Debt/Total Assets,Total Debt/Capital,Total Debt/Equity,Interest Coverage Ratio,Quick Ratio (Acid Test),Current Ratio,Cash Conversion Cycle (Days),Rating 1Q Number
19961231,1,0.27,0.272,0.441,0.243,4.024,0.696,0.116,0.371,0.347,0.294,0.532,4.04,1.202,1.202,9.487,2
19970331,1,0.345,0.346,0.636,0.304,3.078,0.714,0.116,0.523,0.424,0.364,0.736,3.357,0.996,0.996,17.548,2
19970630,1,0.299,0.3,0.625,0.268,3.018,0.711,0.116,0.426,0.375,0.319,0.6,2.893,1.008,1.008,14.266,2
19970930,1,0.274,0.275,0.622,0.247,2.918,0.708,0.116,0.377,0.348,0.294,0.533,2.66,0.984,0.984,11.085,2
19971231,1,0.326,0.326,0.716,0.292,3.238,0.735,0.148,0.484,0.397,0.341,0.657,3.436,0.822,0.822,4.395,2
19980331,1,0.315,0.316,0.725,0.283,2.714,0.733,0.148,0.46,0.386,0.33,0.628,3.167,0.894,0.894,18.287,2
19980630,1,0.339,0.34,0.737,0.304,2.705,0.741,0.148,0.514,0.409,0.353,0.693,3.746,0.904,0.904,22.547,2
19980930,1,0.308,0.341,0.729,0.285,3.474,0.61,0.148,0.453,0.423,0.354,0.759,4.072,0.711,0.711,35.257,2
19981231,1,0.257,0.329,0.491,0.25,4.361,0.447,0.108,0.351,0.436,0.341,0.837,4.198,0.664,0.664,18.673,2
19990331,1,0.262,0.334,0.594,0.258,2.654,0.47,0.108,0.359,0.43,0.342,0.804,4.559,0.631,0.631,22.974,2
19990630,1,0.241,0.322,0.579,0.244,2.341,0.429,0.108,0.319,0.425,0.33,0.789,5.141,0.61,0.61,18.242,1
19990930,1,0.229,0.307,0.539,0.231,1.798,0.408,0.108,0.294,0.421,0.317,0.771,6.135,0.613,0.613,9.397,1
19991231,1,0.205,0.279,0.557,0.207,1.544,0.373,0.296,0.247,0.408,0.295,0.726,7.658,0.6,0.6,4.815,1
20000331,1,0.21,0.285,0.555,0.213,1.625,0.385,0.296,0.257,0.409,0.297,0.727,9.151,0.613,0.613,4.684,1
20000630,1,0.22,0.283,0.558,0.214,1.774,0.407,0.296,0.27,0.409,0.298,0.729,10.472,0.67,0.67,7.334,1
20000930,1,0.23,0.292,0.56,0.223,2.092,0.425,0.296,0.285,0.413,0.306,0.74,11.192,0.706,0.706,13.892,1
20001231,1,0.184,0.289,0.728,0.229,2.25,0.412,0.176,0.225,0.353,0.305,0.573,5.382,0.638,0.638,0,2
20010331,1,0.218,0.297,0.636,0.233,2.522,0.441,0.176,0.272,0.388,0.311,0.666,7.101,0.716,0.716,0,2
20010630,1,0.229,0.31,0.567,0.249,2.712,0.483,0.176,0.291,0.381,0.321,0.642,5.004,0.813,0.813,0,2
20010930,1,0.243,0.312,0.561,0.26,2.846,0.547,0.176,0.317,0.369,0.326,0.609,3.387,0.9,0.9,0,2
20011231,1,0.298,0.3,0.567,0.269,3.056,0.718,0.187,0.417,0.372,0.331,0.615,2.595,1.383,1.383,0,2
20020331,1,0.296,0.313,0.473,0.277,3.478,0.693,0.187,0.412,0.378,0.336,0.628,1.755,1.392,1.392,0,4
20040930,1,3.29,3.535,0.29,0.275,3.787,0.394,0.223,0.768,0.678,0.522,2.267,-1.284,1.487,1.487,27.272,4
20041231,1,0.583,0.585,0.314,0.348,2.782,0.461,0.015,1.391,0.752,0.614,3.033,0.486,1.466,1.466,29.47,4
20050331,1,0.532,0.534,0.275,0.309,2.576,0.421,0.015,1.021,0.729,0.565,2.694,1.36,1.529,1.529,29.417,4
20050630,1,0.581,0.584,0.303,0.348,2.855,0.462,0.015,1.301,0.75,0.61,3.002,1.33,1.553,1.553,31.589,4
19950331,4,0.386,0.554,0.803,0.297,1.273,0.308,0.247,0.523,0.671,0.519,2.043,6.231,0.506,0.543,12.102,0
19950630,4,0.398,0.558,0.804,0.302,1.229,0.32,0.247,0.564,0.674,0.528,2.066,6.302,0.542,0.582,12.447,0
19950930,4,0.409,0.567,0.785,0.31,1.205,0.329,0.247,0.607,0.677,0.538,2.097,6.443,0.581,0.619,12.448,0
19951231,4,0.392,0.577,0.804,0.303,1.265,0.302,0.238,0.564,0.68,0.546,2.128,6.485,0.564,0.599,3.514,0
19960331,4,0.392,0.58,0.792,0.311,1.219,0.311,0.238,0.567,0.675,0.538,2.072,6.62,0.577,0.612,14.051,0
19960630,4,0.382,0.609,0.788,0.317,1.254,0.294,0.238,0.544,0.678,0.545,2.102,6.731,0.556,0.588,14.921,0
19960930,4,0.375,0.64,0.8,0.327,1.293,0.281,0.238,0.529,0.681,0.554,2.137,6.776,0.529,0.561,16.706,0
19961231,4,0.366,0.626,0.808,0.32,1.327,0.277,0.234,0.507,0.676,0.551,2.084,6.819,0.522,0.556,8.146,0
19970331,4,0.362,0.637,0.804,0.324,1.265,0.272,0.234,0.5,0.676,0.549,2.086,6.983,0.525,0.556,16.532,0
19970630,4,0.356,0.613,0.799,0.313,1.205,0.27,0.234,0.485,0.671,0.539,2.043,7.235,0.533,0.565,14.197,0
19970930,4,0.348,0.603,0.758,0.306,1.172,0.264,0.234,0.469,0.669,0.535,2.023,7.513,0.546,0.58,10.626,0
19971231,4,0.357,0.592,0.781,0.302,1.237,0.271,0.265,0.48,0.672,0.536,2.05,7.659,0.588,0.628,14.74,0
19980331,4,0.376,0.611,0.74,0.316,1.229,0.287,0.265,0.525,0.677,0.546,2.093,7.144,0.553,0.592,11.545,0
19980630,4,0.394,0.581,0.736,0.313,1.247,0.315,0.265,0.568,0.673,0.541,2.062,7.06,0.598,0.643,15.172,0
19980930,4,0.405,0.538,0.755,0.304,1.239,0.344,0.265,0.595,0.664,0.526,1.975,7.029,0.645,0.694,19.276,0
19981231,4,0.338,0.497,0.778,0.27,1.207,0.286,0.248,0.444,0.64,0.481,1.78,7.033,0.598,0.641,23.559,0
19990331,4,0.37,0.473,0.731,0.27,1.12,0.329,0.248,0.514,0.641,0.483,1.788,7.716,0.673,0.722,21.095,0
19950331,6,0.378,0.778,0.752,0.308,1.905,0.199,0.149,0.548,0.753,0.622,3.229,5.922,1.122,1.263,125.877,0
19950630,6,0.383,0.78,0.751,0.315,1.905,0.206,0.149,0.544,0.751,0.622,3.195,5.922,1.113,1.254,144.361,0
19950930,6,0.383,0.78,0.736,0.318,1.905,0.208,0.149,0.536,0.749,0.621,3.151,5.922,1.124,1.264,162.423,0
19951231,6,0.393,0.952,0.741,0.318,1.887,0.164,0.137,0.513,0.797,0.671,4.103,5.298,0.9,1.003,108.406,0
19960331,6,0.369,0.804,0.748,0.318,1.887,0.195,0.137,0.485,0.75,0.62,3.122,5.298,1.024,1.132,166.264,0
19960630,6,0.339,0.724,0.765,0.299,1.887,0.192,0.137,0.419,0.727,0.585,2.723,5.298,1.017,1.097,135.113,0
19960930,6,0.31,0.604,0.811,0.266,1.887,0.196,0.137,0.364,0.696,0.538,2.314,5.298,1.02,1.064,103.717,0
19961231,6,0.28,0.367,0.877,0.186,0.866,0.224,0.195,0.314,0.635,0.449,1.737,10.013,1.122,1.122,90.664,0
19970331,6,0.272,0.378,0.858,0.195,0.866,0.226,0.195,0.306,0.624,0.439,1.657,10.013,1.163,1.163,59.984,0
19970630,6,0.27,0.365,0.864,0.188,0.866,0.223,0.195,0.3,0.624,0.437,1.657,10.013,1.144,1.144,48.965,0
19970930,6,0.262,0.353,0.874,0.182,0.866,0.218,0.195,0.288,0.62,0.431,1.63,10.013,1.129,1.129,39.397,0
19971231,6,0.232,0.367,0.881,0.185,1.003,0.19,0.232,0.241,0.614,0.43,1.589,15.658,0.955,0.955,19.376,0
19980331,6,0.235,0.346,0.876,0.177,0.887,0.198,0.232,0.248,0.608,0.418,1.549,21.597,1.045,1.045,20.055,0
19980630,6,0.222,0.313,0.768,0.161,0.745,0.19,0.232,0.232,0.6,0.398,1.502,23.275,1.094,1.094,8.531,0
19980930,6,0.212,0.287,0.7,0.148,0.621,0.184,0.232,0.22,0.594,0.381,1.462,23.99,1.081,1.081,19.376,0
19981231,6,0.179,0.216,0.641,0.113,0.45,0.163,0.303,0.179,0.571,0.337,1.333,16.54,0.914,0.914,0,0
19990331,6,0.239,0.282,0.598,0.175,0.84,0.281,0.303,0.272,0.528,0.35,1.141,20.273,0.967,0.967,0,0
19990630,6,0.257,0.31,0.677,0.208,1.184,0.344,0.303,0.304,0.501,0.354,1.033,12.765,0.785,0.785,0,0
19990930,6,0.265,0.33,0.733,0.225,1.514,0.363,0.303,0.308,0.499,0.358,1.026,9.377,0.667,0.667,0,0
19991231,6,0.256,0.371,0.753,0.239,2.048,0.317,0.132,0.271,0.52,0.375,1.116,6.038,0.492,0.492,0,0
20000331,6,0.263,0.364,0.786,0.241,1.945,0.34,0.132,0.289,0.512,0.371,1.081,6.021,0.514,0.514,0,0
20000630,6,0.254,0.385,0.794,0.245,2.27,0.308,0.132,0.264,0.525,0.378,1.141,5.931,0.443,0.443,0,0
20000930,6,0.242,0.406,0.779,0.254,2.634,0.287,0.132,0.25,0.526,0.385,1.163,4.826,0.378,0.378,0,1
20001231,6,0.259,0.478,0.752,0.288,3.233,0.282,0.099,0.27,0.554,0.425,1.3,3.247,0.336,0.336,0,1
20010331,6,0.249,0.425,0.769,0.265,3.382,0.293,0.099,0.262,0.532,0.393,1.192,2.951,0.355,0.355,0,1
20010630,6,0.247,0.416,0.661,0.265,3.498,0.303,0.099,0.268,0.52,0.386,1.136,2.363,0.416,0.416,4.138,1
20010930,6,0.267,0.431,0.629,0.273,3.489,0.316,0.099,0.298,0.536,0.4,1.205,2.095,0.476,0.476,4.86,2
20011231,6,0.45,0.579,0.416,0.352,3.726,0.411,0.14,0.567,0.666,0.549,2.129,1.938,0.886,0.886,0,2
20020331,6,0.35,0.484,0.513,0.303,3.735,0.371,0.14,0.414,0.592,0.458,1.524,2.282,0.694,0.694,4.27,2
20020630,6,0.429,0.553,0.518,0.336,3.925,0.4,0.14,0.528,0.653,0.526,1.985,2.672,0.739,0.739,0.828,2
20020930,6,0.466,0.568,0.47,0.353,4.45,0.434,0.14,0.588,0.667,0.547,2.102,3.08,0.855,0.855,0,2
20021231,6,0.604,0.725,0.343,0.408,2.112,0.438,0.112,1.103,0.777,0.682,3.489,4.004,1.323,1.323,0,2
20030331,6,0.505,0.626,0.409,0.376,3.504,0.431,0.112,0.687,0.703,0.59,2.425,3.854,0.96,0.96,0,2
20030630,6,0.514,0.644,0.393,0.372,2.813,0.412,0.112,0.726,0.719,0.605,2.607,3.599,1.033,1.033,0,2
20030930,6,0.532,0.683,0.376,0.364,2.053,0.379,0.112,0.819,0.75,0.633,3.001,3.397,1.123,1.123,0,2
20031231,6,0.484,0.533,0.41,0.3,1.651,0.384,0.251,0.675,0.709,0.559,2.439,3.332,1.109,1.109,0,2
20040331,6,0.472,0.589,0.394,0.314,1.885,0.35,0.251,0.642,0.718,0.575,2.548,3.019,1.057,1.057,0,2
20040630,6,0.445,0.547,0.399,0.292,1.841,0.337,0.251,0.577,0.704,0.548,2.381,2.623,1.039,1.039,0,3
20040930,6,0.457,0.537,0.421,0.284,1.67,0.339,0.251,0.619,0.713,0.552,2.479,3.275,1.011,1.011,0,3
20041231,6,0.556,0.675,0.34,0.325,1.64,0.34,0.214,1.048,0.786,0.656,3.674,3.405,1.033,1.033,0,3
20050331,6,0.496,0.603,0.383,0.298,1.616,0.326,0.214,0.778,0.751,0.601,3.019,4.254,0.996,0.996,0,3
20050630,6,0.533,0.631,0.388,0.305,1.501,0.332,0.214,0.96,0.774,0.631,3.432,5.056,0.982,0.982,0,3
19950331,15,0.501,0.664,0.637,0.357,1.577,0.368,0.207,0.789,0.731,0.619,2.756,4.987,0.663,0.714,0,1
19950630,15,0.519,0.701,0.616,0.375,1.571,0.373,0.207,0.882,0.743,0.642,2.931,5,0.634,0.684,0,1
19950930,15,0.514,0.693,0.599,0.37,1.527,0.371,0.207,0.864,0.74,0.639,2.888,5.374,0.637,0.688,0,1
19951231,15,0.484,0.63,0,0.345,1.457,0.37,0.23,0.796,0.717,0.6,2.593,4.872,0.696,0.721,0,1
19960331,15,0.491,0.652,0.603,0.355,1.457,0.369,0.23,0.805,0.723,0.619,2.657,4.872,0.67,0.709,0,1
19960630,15,0.477,0.621,0.617,0.343,1.457,0.37,0.23,0.772,0.711,0.606,2.513,4.872,0.694,0.727,0,1
19960930,15,0.467,0.593,0.633,0.332,1.457,0.372,0.23,0.753,0.702,0.595,2.405,4.872,0.709,0.738,0,1
19961231,15,0.441,0.599,0,0.326,1.462,0.345,0.255,0.679,0.696,0.568,2.329,5.497,0.666,0.692,0,1
19970331,15,0.448,0.586,0.657,0.326,0.529,0.359,0.255,0.701,0.693,0.584,2.305,6.011,0.695,0.725,0,1
19970630,15,0.439,0.585,0.688,0.323,0.639,0.351,0.255,0.676,0.69,0.581,2.271,6.13,0.687,0.719,0,1
19970930,15,0.455,0.645,0.772,0.341,0.858,0.338,0.255,0.74,0.712,0.614,2.578,6.047,0.643,0.677,0,1
19971231,15,0.488,0.722,0.709,0.363,1.516,0.331,0.221,0.876,0.742,0.644,3.133,5.432,0.618,0.659,0,1
19980331,15,0.492,0.691,0.707,0.361,1.287,0.35,0.221,0.883,0.735,0.647,2.977,5.985,0.659,0.7,0,1
19980630,15,0.508,0.696,0.708,0.365,1.487,0.359,0.221,0.948,0.742,0.66,3.118,5.906,0.669,0.713,0,1
19980930,15,0.529,0.673,0.707,0.366,1.469,0.386,0.221,1.027,0.744,0.664,3.154,5.844,0.728,0.777,0,1
19981231,15,0.566,0.661,0.726,0.374,1.487,0.424,0.242,1.138,0.754,0.649,3.193,5.671,0.809,0.862,14.56,1
19990331,15,0.554,0.647,0.725,0.367,1.247,0.42,0.242,1.109,0.747,0.662,3.14,5.686,0.803,0.858,14.56,1
19990630,15,0.555,0.64,0.738,0.366,1.098,0.427,0.242,1.092,0.745,0.657,3.074,5.569,0.814,0.869,14.56,1
19990930,15,0.542,0.636,0.752,0.363,0.976,0.418,0.242,1.014,0.739,0.647,2.946,5.463,0.778,0.833,14.56,1
19991231,15,0.527,0.683,0.666,0.382,1.601,0.401,0.231,0.925,0.736,0.635,2.901,6.307,0.738,0.787,15.813,1
20000331,15,0.529,0.659,0.73,0.373,0.941,0.408,0.231,0.933,0.734,0.646,2.861,4.89,0.711,0.76,15.813,1
20000630,15,0.457,0.634,0.676,0.36,1.241,0.375,0.231,0.819,0.692,0.653,2.902,4.376,0.598,0.641,15.813,1
20000930,15,0.417,0.617,0.67,0.35,1.487,0.353,0.231,0.749,0.67,0.657,2.933,4.088,0.539,0.579,15.813,1
20001231,15,0.43,0.58,0.633,0.348,2.137,0.392,0.146,0.853,0.658,0.648,3.133,3.953,0.59,0.646,23.647,1
20010331,15,0.404,0.592,0.647,0.346,1.994,0.363,0.146,0.77,0.652,0.669,3.057,3.898,0.528,0.575,23.647,1
20010630,15,0.421,0.605,0.64,0.357,2.03,0.378,0.146,0.818,0.658,0.676,3.132,4.051,0.546,0.597,23.647,1
20010930,15,0.438,0.616,0.622,0.369,2.117,0.395,0.146,0.874,0.664,0.682,3.208,4.109,0.563,0.621,23.647,1
20011231,15,0.455,0.641,0.615,0.377,2.213,0.393,0.17,0.93,0.68,0.681,3.568,4.123,0.558,0.61,40.677,1
20020331,15,0.45,0.635,0.618,0.375,2.202,0.395,0.17,0.908,0.675,0.691,3.453,4.857,0.574,0.628,40.677,1
20020630,15,0.457,0.635,0.611,0.372,2.182,0.392,0.17,0.924,0.682,0.7,3.649,5.12,0.582,0.637,40.677,1
20020930,15,0.459,0.618,0.593,0.362,2.122,0.394,0.17,0.93,0.683,0.702,3.742,5.373,0.621,0.672,40.677,1
20021231,15,0.441,0.533,0.602,0.323,1.867,0.405,0.2,0.86,0.661,0.644,3.394,4.541,0.718,0.774,41.228,1
20030331,15,0.445,0.565,0.558,0.336,2.229,0.395,0.2,0.863,0.67,0.679,3.518,3.693,0.682,0.735,41.228,1
20030630,15,0.429,0.532,0.553,0.317,2.139,0.388,0.2,0.802,0.659,0.658,3.317,3.669,0.685,0.736,41.228,1
20030930,15,0.414,0.508,0.564,0.301,2.085,0.376,0.2,0.741,0.652,0.641,3.183,3.5,0.657,0.708,41.228,1
20031231,15,0.405,0.467,0.544,0.273,1.663,0.364,0.208,0.714,0.652,0.597,3.232,4.649,0.64,0.688,8.045,1
20040331,15,0.399,0.476,0.561,0.278,1.723,0.36,0.208,0.689,0.648,0.624,3.148,4.629,0.613,0.661,8.045,1
20040630,15,0.396,0.458,0.563,0.27,1.649,0.361,0.208,0.683,0.644,0.617,3.108,4.808,0.637,0.689,8.045,1
20040930,15,0.394,0.446,0.552,0.263,1.573,0.362,0.208,0.68,0.642,0.612,3.087,5.155,0.666,0.72,8.045,1
20041231,15,0.363,0.4,0.505,0.237,1.41,0.345,0.211,0.594,0.623,0.528,2.751,5.444,0.776,0.842,18.088,1
20050331,15,0.374,0.413,0.54,0.245,1.442,0.354,0.211,0.626,0.628,0.583,2.846,5.619,0.71,0.772,18.088,1
20050630,15,0.362,0.412,0.545,0.242,1.452,0.342,0.211,0.593,0.624,0.576,2.774,5.551,0.673,0.732,18.088,1
20050930,15,0.353,0.406,0.556,0.239,1.526,0.335,0.211,0.57,0.619,0.568,2.701,4.972,0.643,0.703,18.088,1
20051231,15,0.324,0.397,0.559,0.232,1.364,0.313,0.216,0.513,0.605,0.513,2.563,5.746,0.585,0.656,29.513,1
20060331,15,0.334,0.406,0.578,0.237,1.557,0.318,0.216,0.534,0.611,0.559,2.595,4.753,0.567,0.626,29.513,1
20060630,15,0.325,0.4,0.553,0.233,1.54,0.311,0.216,0.521,0.607,0.553,2.534,4.685,0.57,0.629,29.513,1
20060930,15,0.311,0.402,0.527,0.231,1.469,0.295,0.216,0.492,0.605,0.547,2.482,5.08,0.567,0.621,29.513,1
20061231,15,0.271,0.345,0.485,0.193,1.264,0.256,0.215,0.442,0.593,0.456,2.306,5.104,0.651,0.698,21.199,1
20070331,15,0.283,0.369,0.509,0.209,1.325,0.269,0.215,0.456,0.594,0.517,2.343,5.639,0.591,0.642,21.199,1
20070630,15,0.274,0.342,0.539,0.195,1.22,0.267,0.215,0.449,0.585,0.497,2.248,6.157,0.603,0.659,21.199,1
20070930,15,0.268,0.313,0.581,0.182,1.11,0.27,0.215,0.454,0.575,0.478,2.172,6.807,0.622,0.685,21.199,1
20071231,15,0.254,0.281,0.63,0.167,1.002,0.271,0.247,0.431,0.557,0.413,2.058,7.494,0.686,0.756,16.891,1
20080331,15,0.267,0.293,0.599,0.175,1.033,0.283,0.247,0.461,0.563,0.469,2.102,7.82,0.696,0.767,16.891,1
20080630,15,0.271,0.31,0.603,0.185,1.102,0.286,0.247,0.471,0.564,0.482,2.142,7.869,0.664,0.736,16.891,1
20080930,15,0.28,0.329,0.589,0.198,1.197,0.296,0.247,0.493,0.568,0.497,2.195,7.594,0.652,0.727,16.891,1
20081231,15,0.373,0.413,0.451,0.257,1.59,0.38,0.216,0.878,0.61,0.572,2.96,7.058,0.926,1.007,22.86,1
20090331,15,0.344,0.413,0.553,0.25,1.557,0.346,0.216,0.701,0.602,0.578,2.712,6.249,0.639,0.714,22.86,1
20090630,15,0.377,0.436,0.538,0.269,1.677,0.377,0.216,0.828,0.617,0.61,2.991,5.706,0.683,0.766,22.86,1
20090930,15,0.402,0.455,0.529,0.283,1.764,0.396,0.216,0.936,0.629,0.636,3.269,5.397,0.714,0.798,22.86,1
20091231,15,0.395,0.447,0.559,0.274,1.744,0.385,0.221,0.904,0.629,0.615,3.434,5.162,0.697,0.776,24.972,1
20100331,15,0.402,0.447,0.557,0.278,1.77,0.397,0.221,0.923,0.629,0.641,3.392,5.15,0.719,0.798,24.972,1
20100630,15,0.39,0.44,0.558,0.269,1.797,0.38,0.221,0.882,0.627,0.642,3.46,4.766,0.698,0.757,24.972,1
20100930,15,0.379,0.431,0.556,0.26,1.801,0.366,0.221,0.848,0.625,0.643,3.539,4.529,0.696,0.742,24.972,1
20101231,15,0.342,0.399,0.53,0.24,1.512,0.34,0.251,0.737,0.605,0.595,3.451,5.339,0.693,0.73,20.757,1
20110331,15,0.357,0.419,0.495,0.251,1.621,0.348,0.251,0.784,0.615,0.64,3.557,5.41,0.729,0.764,20.757,1
20110630,15,0.351,0.409,0.482,0.248,1.527,0.351,0.251,0.767,0.607,0.635,3.498,6.011,0.765,0.804,20.757,1
20110930,15,0.348,0.411,0.449,0.248,1.489,0.346,0.251,0.745,0.607,0.633,3.5,6.372,0.78,0.818,20.757,1
20111231,15,0.369,0.405,0.382,0.239,1.877,0.348,0.206,0.824,0.627,0.623,4.019,3.94,0.975,1.006,14.844,1
20120331,15,0.354,0.395,0.441,0.238,1.79,0.349,0.206,0.764,0.611,0.634,3.659,4.257,0.867,0.905,14.844,1
20120630,15,0.352,0.394,0.423,0.236,1.732,0.345,0.206,0.761,0.612,0.636,3.73,4.626,0.919,0.954,14.844,1
20120930,15,0.349,0.386,0.427,0.233,1.65,0.347,0.206,0.766,0.608,0.638,3.752,5.135,0.967,1.004,14.844,1
20121231,15,0.358,0.39,0.593,0.231,1.699,0.341,0.225,0.823,0.62,0.631,4.213,4.749,0.748,0.788,10.97,1
20130331,15,0.339,0.39,0.474,0.231,1.656,0.33,0.225,0.751,0.608,0.647,3.91,5.162,0.857,0.892,10.97,1
20130630,15,0.335,0.391,0.506,0.229,1.589,0.322,0.225,0.741,0.61,0.65,4.002,5.553,0.79,0.826,10.97,2
20130930,15,0.388,0.443,0.343,0.267,1.872,0.37,0.225,0.939,0.632,0.691,4.434,6.185,1.171,1.205,10.97,2
20131231,15,0.484,0.506,0.175,0.341,1.927,0.502,0.217,1.329,0.652,0.717,4.601,11.749,2.587,2.625,7.015,2
20140331,15,0.535,0.571,0.257,0.354,1.778,0.465,0.217,1.362,0.712,0.769,5.879,11.128,1.661,1.698,7.015,2
20140630,15,0.647,0.675,0.26,0.414,2.035,0.507,0.217,1.653,0.784,0.821,7.702,9.634,1.71,1.748,7.015,2
20140930,15,0.742,0.76,0.358,0.447,2.094,0.514,0.217,1.737,0.849,0.852,9.673,8.011,1.302,1.342,7.015,2
19950331,16,0.343,0.431,0.657,0.276,1.262,0.379,0.261,0.409,0.579,0.427,1.38,5.962,0.675,0.749,30.381,0
19950630,16,0.353,0.442,0.667,0.286,1.248,0.394,0.261,0.435,0.581,0.438,1.394,5.839,0.691,0.766,27.551,0
19950930,16,0.364,0.451,0.677,0.296,1.231,0.41,0.261,0.464,0.583,0.446,1.403,5.961,0.717,0.792,25.021,0
19951231,16,0.394,0.541,0.58,0.341,1.389,0.402,0.276,0.573,0.618,0.516,1.667,5.871,0.822,0.88,5.987,0
19960331,16,0.392,0.49,0.647,0.322,1.239,0.429,0.276,0.552,0.6,0.48,1.511,5.97,0.822,0.892,16.172,0
19960630,16,0.388,0.489,0.642,0.319,1.222,0.423,0.276,0.547,0.6,0.479,1.512,6.223,0.848,0.918,15.511,0
19960930,16,0.385,0.492,0.629,0.32,1.211,0.416,0.276,0.542,0.601,0.479,1.514,6.431,0.874,0.942,13.985,0
19961231,16,0.372,0.47,0.649,0.314,1.205,0.43,0.311,0.526,0.58,0.469,1.425,6.628,0.908,0.978,6.531,0
19970331,16,0.375,0.469,0.653,0.31,1.143,0.421,0.311,0.521,0.587,0.463,1.434,6.836,0.899,0.968,15.623,0
19970630,16,0.366,0.467,0.649,0.306,1.125,0.412,0.311,0.502,0.583,0.46,1.412,6.862,0.881,0.946,11.394,0
19970930,16,0.358,0.458,0.636,0.301,1.102,0.407,0.311,0.487,0.579,0.452,1.384,6.89,0.899,0.961,11.033,0
19971231,16,0.319,0.48,0.585,0.305,1.174,0.356,0.341,0.422,0.568,0.459,1.361,7.159,0.879,0.924,7.341,0
19980331,16,0.335,0.468,0.6,0.299,1.102,0.373,0.341,0.442,0.575,0.45,1.362,7.225,0.873,0.924,6.255,0
19980630,16,0.336,0.469,0.582,0.301,1.115,0.376,0.341,0.446,0.574,0.45,1.358,7.254,0.882,0.931,6.65,0
19980930,16,0.337,0.479,0.569,0.305,1.132,0.373,0.341,0.45,0.577,0.456,1.374,7.192,0.857,0.905,4.258,0
19981231,16,0.345,0.481,0.532,0.309,1.186,0.381,0.339,0.464,0.58,0.472,1.418,7.054,0.904,0.951,0,0
19990331,16,0.353,0.502,0.557,0.317,1.16,0.377,0.339,0.475,0.591,0.473,1.458,6.938,0.827,0.874,11.227,0
19990630,16,0.36,0.561,0.587,0.338,1.234,0.353,0.339,0.484,0.614,0.502,1.604,6.838,0.694,0.737,17.601,0
19990930,16,0.371,0.62,0.625,0.358,1.294,0.336,0.339,0.5,0.637,0.53,1.769,6.717,0.598,0.637,22.428,0
19991231,16,0.375,0.689,0.701,0.386,1.467,0.323,0.29,0.516,0.65,0.558,1.907,6.56,0.518,0.551,27.321,0
20000331,16,0.39,0.685,0.699,0.383,1.404,0.331,0.29,0.54,0.659,0.56,1.947,6.172,0.5,0.536,28.474,0
20000630,16,0.394,0.659,0.686,0.377,1.376,0.346,0.29,0.551,0.653,0.552,1.894,5.985,0.534,0.57,28.527,0
20000930,16,0.396,0.663,0.679,0.383,1.416,0.352,0.29,0.554,0.651,0.552,1.873,5.825,0.538,0.574,29.775,0
20001231,16,0.419,0.674,0.696,0.393,1.612,0.37,0.255,0.608,0.661,0.568,1.989,5.64,0.53,0.558,27.39,0
20010331,16,0.412,0.663,0.675,0.388,1.547,0.368,0.255,0.588,0.656,0.557,1.916,5.399,0.542,0.575,27.052,0
20010630,16,0.418,0.661,0.686,0.39,1.629,0.375,0.255,0.601,0.657,0.558,1.928,5.208,0.542,0.576,29.714,1
20010930,16,0.423,0.642,0.696,0.384,1.68,0.385,0.255,0.614,0.655,0.551,1.91,5.185,0.557,0.59,32.092,1
20011231,16,0.441,0.591,0.759,0.387,1.721,0.455,0.242,0.689,0.634,0.539,1.775,5.258,0.643,0.681,32.466,1
20020331,16,0.427,0.606,0.687,0.379,1.695,0.416,0.242,0.63,0.642,0.535,1.803,5.38,0.625,0.659,36.438,1
20020630,16,0.426,0.6,0.659,0.375,1.697,0.415,0.242,0.623,0.641,0.531,1.795,5.414,0.649,0.682,32.683,1
20020930,16,0.424,0.588,0.621,0.368,1.68,0.415,0.242,0.609,0.639,0.525,1.784,5.288,0.698,0.732,27.015,1
20021231,16,0.407,0.577,0.525,0.352,1.596,0.389,0.261,0.549,0.638,0.518,1.786,5.267,0.788,0.82,35.875,1
20030331,16,0.409,0.577,0.526,0.351,1.666,0.388,0.261,0.553,0.641,0.514,1.789,5.285,0.729,0.761,9.88,1
20030630,16,0.4,0.553,0.465,0.339,1.667,0.387,0.261,0.528,0.633,0.501,1.728,5.449,0.797,0.83,4.751,1
20030930,16,0.39,0.524,0.405,0.325,1.628,0.388,0.261,0.505,0.622,0.484,1.648,5.784,0.888,0.924,0.483,1
20031231,16,0.366,0.477,0.331,0.301,1.455,0.386,0.286,0.458,0.599,0.453,1.511,5.835,1.002,1.046,6.11,1
20040331,16,0.363,0.468,0.288,0.293,1.544,0.378,0.286,0.449,0.601,0.444,1.509,6.322,1.1,1.138,3.102,1
20040630,16,0.349,0.449,0.241,0.28,1.49,0.365,0.286,0.421,0.595,0.428,1.471,6.568,1.203,1.239,6.714,1
20040930,16,0.35,0.446,0.197,0.278,1.54,0.367,0.286,0.422,0.595,0.425,1.474,6.599,1.357,1.392,8.985,1
20041231,16,0.396,0.539,0.449,0.346,2.242,0.415,0.171,0.511,0.612,0.484,1.579,6.053,0.519,0.55,7.262,1
20050331,16,0.371,0.483,0.247,0.308,1.885,0.396,0.171,0.461,0.599,0.448,1.494,5.564,1.025,1.058,12.473,1
20050630,16,0.382,0.489,0.324,0.319,2.01,0.418,0.171,0.484,0.597,0.455,1.481,5.118,0.823,0.858,11.449,1
20050930,16,0.381,0.482,0.502,0.319,2.092,0.428,0.171,0.484,0.59,0.451,1.439,4.621,0.544,0.582,11.229,1
20051231,16,0.357,0.469,0.607,0.304,2.124,0.396,0.2,0.434,0.584,0.436,1.403,4.48,0.442,0.486,16.052,1
20060331,16,0.364,0.459,0.542,0.303,2.034,0.412,0.2,0.449,0.581,0.434,1.388,4.391,0.504,0.548,14.019,1
20060630,16,0.357,0.46,0.533,0.3,2.049,0.401,0.2,0.435,0.581,0.431,1.385,4.341,0.488,0.532,16.406,1
19950331,27,0.45,0.551,0.726,0.41,2.347,0.567,0.212,0.804,0.591,0.521,1.456,4.066,0.323,0.348,0,2
19950630,27,0.406,0.527,0.765,0.385,2.155,0.524,0.212,0.673,0.566,0.493,1.317,4.276,0.283,0.306,0,2
19950930,27,0.379,0.495,0.78,0.363,2.017,0.511,0.212,0.6,0.544,0.467,1.201,4.518,0.289,0.313,0,2
19951231,27,0.404,0.423,0.788,0.35,2.06,0.659,0.234,0.632,0.507,0.443,1.063,4.802,0.634,0.681,0,2
19960331,27,0.385,0.44,0.793,0.345,1.909,0.583,0.234,0.616,0.518,0.439,1.084,4.952,0.468,0.5,0,2
19960630,27,0.399,0.419,0.782,0.341,1.866,0.633,0.234,0.654,0.512,0.432,1.056,5.031,0.661,0.704,0,1
19960930,27,0.392,0.406,0.771,0.332,1.819,0.637,0.234,0.636,0.502,0.42,1.018,5.079,0.717,0.765,0,1
19961231,27,0.371,0.383,0.791,0.318,1.818,0.647,0.29,0.552,0.477,0.407,0.941,5.183,0.701,0.758,0,1
19970331,27,0.375,0.387,0.76,0.317,1.747,0.628,0.29,0.594,0.489,0.404,0.963,5.266,0.687,0.738,0,1
19970630,27,0.365,0.377,0.775,0.307,1.715,0.616,0.29,0.568,0.482,0.394,0.938,5.408,0.694,0.744,0,1
19970930,27,0.349,0.361,0.794,0.293,1.633,0.6,0.29,0.532,0.472,0.378,0.901,5.634,0.72,0.773,0.461,2
19971231,27,0.659,0.673,0.802,0.566,6.237,0.776,0.093,1.661,0.714,0.679,2.585,4.741,0.812,0.88,19.75,2
19980331,27,0.555,0.566,0.805,0.468,3.109,0.725,0.093,1.201,0.632,0.572,1.735,3.64,0.788,0.855,17.595,2
19980630,27,0.604,0.616,0.8,0.511,3.329,0.747,0.093,1.474,0.672,0.619,2.064,3.188,0.779,0.854,20.115,2
19980930,27,0.642,0.654,0.807,0.546,3.494,0.764,0.093,1.733,0.701,0.655,2.368,2.923,0.771,0.853,21.278,2
19981231,27,0.619,0.632,0.819,0.529,3.23,0.762,0.147,1.376,0.681,0.638,2.193,2.864,0.664,0.742,18.006,2
19990331,27,0.619,0.631,0.819,0.524,2.986,0.752,0.147,1.556,0.683,0.633,2.173,2.996,0.69,0.772,15.345,2
19990630,27,0.599,0.612,0.76,0.505,2.813,0.738,0.147,1.434,0.669,0.615,2.039,3.137,0.674,0.744,10.897,2
19990930,27,0.58,0.594,0.743,0.489,2.698,0.73,0.147,1.331,0.655,0.598,1.91,3.288,0.695,0.765,9.657,2
19991231,27,0.524,0.539,0.675,0.455,2.498,0.739,0.153,0.984,0.598,0.546,1.523,3.375,0.832,0.925,15.904,2
20000331,27,0.532,0.548,0.679,0.451,2.513,0.714,0.153,1.108,0.615,0.553,1.604,3.386,0.767,0.84,10.486,2
20000630,27,0.52,0.537,0.704,0.445,2.518,0.717,0.153,1.057,0.602,0.541,1.521,3.399,0.8,0.881,12.381,2
20000930,27,0.543,0.575,0.691,0.474,2.826,0.718,0.153,1.158,0.623,0.569,1.663,3.205,0.683,0.749,12.097,2
20001231,27,0.59,0.672,0.816,0.544,3.806,0.714,0.14,1.313,0.668,0.639,2.103,2.866,0.455,0.506,22.361,2
20010331,27,0.578,0.647,0.76,0.522,3.354,0.708,0.14,1.338,0.659,0.616,1.952,2.514,0.492,0.542,18.125,2
20010630,27,0.59,0.669,0.786,0.537,3.728,0.705,0.14,1.41,0.671,0.63,2.064,2.184,0.464,0.508,26.606,2
20010930,27,0.575,0.652,0.823,0.521,3.763,0.695,0.14,1.325,0.66,0.615,1.965,1.98,0.449,0.49,33.053,2
20011231,27,0.465,0.689,0.846,0.49,2.997,0.533,0.178,0.78,0.62,0.577,1.675,2.483,0.216,0.232,22.121,2
20020331,27,0.516,0.651,0.815,0.49,3.645,0.611,0.178,1.037,0.635,0.582,1.755,2.145,0.317,0.337,27.66,2
20020630,27,0.504,0.643,0.655,0.482,3.525,0.601,0.178,0.992,0.629,0.573,1.704,2.298,0.345,0.361,17.896,2
20020930,27,0.506,0.62,0.548,0.473,3.45,0.619,0.178,0.999,0.623,0.564,1.663,2.496,0.413,0.425,16.762,2
20021231,27,0.535,0.545,0.923,0.47,3.567,0.768,0.456,1.043,0.599,0.546,1.508,2.755,0.736,0.762,25.344,2
20030331,27,0.529,0.555,0.581,0.461,3.126,0.722,0.456,1.098,0.609,0.547,1.562,2.942,0.708,0.725,15.348,2
20030630,27,0.52,0.533,0.71,0.448,2.909,0.733,0.456,1.059,0.596,0.532,1.48,3.176,0.667,0.685,11.963,2
20030930,27,0.504,0.521,0.777,0.438,2.723,0.726,0.456,0.995,0.583,0.52,1.403,3.364,0.635,0.655,1.309,2
20031231,27,0.471,0.482,0.51,0.403,2.604,0.705,0.242,0.778,0.559,0.486,1.268,3.427,0.963,0.982,14.024,2
20040331,27,0.478,0.496,0.556,0.411,2.56,0.697,0.242,0.883,0.568,0.496,1.313,3.479,0.77,0.787,14.024,2
20040630,27,0.471,0.49,0.528,0.403,2.495,0.686,0.242,0.86,0.565,0.491,1.299,3.533,0.791,0.807,14.024,2
20040930,27,0.466,0.485,0.523,0.397,2.467,0.677,0.242,0.842,0.563,0.486,1.289,3.524,0.794,0.809,14.024,2
20041231,27,0.447,0.487,0.554,0.386,2.399,0.631,0.22,0.69,0.562,0.48,1.284,3.512,0.599,0.607,0,2
20050331,27,0.452,0.478,0.588,0.383,2.363,0.647,0.22,0.793,0.561,0.478,1.277,3.513,0.649,0.659,0,2
20050630,27,0.447,0.474,0.588,0.378,2.341,0.64,0.22,0.776,0.558,0.473,1.264,3.552,0.637,0.647,0,2
20050930,27,0.435,0.471,0.551,0.372,2.31,0.62,0.22,0.74,0.554,0.466,1.244,3.543,0.61,0.619,0,2
20051231,27,0.396,0.442,0.56,0.342,2.142,0.574,0.234,0.555,0.533,0.433,1.144,3.521,0.557,0.567,0,2
20060331,27,0.419,0.475,0.589,0.365,2.296,0.582,0.234,0.69,0.554,0.46,1.241,3.474,0.488,0.497,0,2
20060630,27,0.41,0.478,0.626,0.361,2.284,0.559,0.234,0.664,0.554,0.457,1.244,3.353,0.423,0.431,0,2
20060930,27,0.412,0.475,0.743,0.359,2.244,0.56,0.234,0.67,0.556,0.456,1.253,3.389,0.366,0.375,0,2
20061231,27,0.43,0.462,0.784,0.348,2.165,0.569,0.198,0.626,0.57,0.46,1.329,3.434,0.459,0.47,0,2
20070331,27,0.436,0.484,0.48,0.366,2.323,0.573,0.198,0.736,0.574,0.472,1.349,3.518,0.632,0.642,0,2
20070630,27,0.451,0.504,0.466,0.376,2.425,0.568,0.198,0.782,0.591,0.489,1.445,3.454,0.621,0.63,0,2
20070930,27,0.457,0.513,0.461,0.378,2.467,0.563,0.198,0.803,0.6,0.496,1.498,3.393,0.627,0.636,0,2
20071231,27,0.445,0.49,0.763,0.368,2.409,0.574,0.216,0.649,0.583,0.479,1.398,3.357,0.385,0.397,0,2
20080331,27,0.455,0.501,0.738,0.373,2.399,0.569,0.216,0.788,0.594,0.488,1.464,3.379,0.405,0.416,0,2
20080630,27,0.456,0.483,0.73,0.368,2.35,0.594,0.216,0.794,0.585,0.48,1.413,3.568,0.498,0.511,0,2
20080930,27,0.471,0.489,0.623,0.378,2.439,0.616,0.216,0.842,0.591,0.489,1.447,3.651,0.624,0.64,0,2
20081231,27,0.51,0.513,0.415,0.402,2.634,0.647,0.168,0.82,0.617,0.522,1.609,3.633,1.192,1.212,0,2
20090331,27,0.494,0.499,0.508,0.391,2.559,0.64,0.168,0.917,0.604,0.506,1.528,3.572,0.914,0.934,0,2
20090630,27,0.496,0.5,0.491,0.39,2.561,0.637,0.168,0.921,0.607,0.508,1.544,3.556,0.93,0.95,0,2
20090930,27,0.469,0.492,0.488,0.372,2.361,0.592,0.168,0.761,0.598,0.491,1.491,3.736,0.745,0.765,0,2
20091231,27,0.434,0.464,0.713,0.344,3.123,0.554,0.12,0.619,0.58,0.463,1.384,4.021,0.637,0.658,0,2
20100331,27,0.441,0.472,0.594,0.352,2.139,0.562,0.12,0.651,0.584,0.469,1.404,4.145,0.629,0.65,0,2
20100630,27,0.435,0.468,0.613,0.348,2.103,0.558,0.12,0.623,0.579,0.464,1.378,4.149,0.628,0.649,0,2
20100930,27,0.43,0.459,0.682,0.344,2.077,0.561,0.12,0.61,0.573,0.457,1.343,4.137,0.642,0.663,0,2
20101231,27,0.431,0.432,0.624,0.332,2.026,0.59,0.165,0.609,0.562,0.442,1.285,3.916,1.098,1.131,0,2
20110331,27,0.428,0.443,0.651,0.337,2.093,0.576,0.165,0.602,0.565,0.446,1.298,3.936,0.831,0.857,0.681,3
20110630,27,0.45,0.473,0.479,0.359,2.384,0.586,0.165,0.68,0.582,0.474,1.394,3.364,0.516,0.968,0,3
20110930,27,0.468,0.491,0.478,0.373,2.62,0.598,0.165,0.745,0.595,0.493,1.472,2.775,0.373,0.934,0,3
20111231,27,0.506,0.518,0.562,0.389,3.35,0.605,0.119,0.866,0.629,0.527,1.695,2.261,0.877,0.877,0,3
20120331,27,0.494,0.525,0.45,0.393,2.904,0.594,0.119,0.834,0.621,0.523,1.639,2.112,0.864,0.885,0,3
20120630,27,0.497,0.531,0.488,0.394,2.921,0.587,0.119,0.837,0.627,0.527,1.684,2.004,0.833,0.819,0,3
20120930,27,0.498,0.533,0.482,0.391,2.865,0.577,0.119,0.831,0.632,0.528,1.717,2.042,0.812,0.812,0,3
20121231,27,0.501,0.533,0.542,0.381,2.691,0.559,0.175,0.846,0.643,0.531,1.801,2.09,0.759,0.786,0,3
20130331,27,0.499,0.534,0.513,0.385,2.737,0.563,0.175,0.83,0.638,0.529,1.765,2.249,0.772,0.785,0,3
20130630,27,0.507,0.532,0.522,0.383,2.719,0.567,0.175,0.854,0.644,0.533,1.81,2.272,0.815,0.838,0,3
20130930,27,0.521,0.54,0.523,0.388,2.749,0.57,0.175,0.897,0.656,0.544,1.907,2.216,0.849,0.884,0,3
20131231,27,0.54,0.561,0.506,0.405,2.821,0.583,0.161,0.92,0.668,0.562,2.012,2.159,0.848,0.886,0,3
20140331,27,0.539,0.555,0.516,0.399,2.85,0.58,0.161,0.931,0.668,0.56,2.013,2.034,0.863,0.902,0,3
20140630,27,0.544,0.566,0.52,0.406,2.881,0.58,0.161,0.938,0.673,0.567,2.054,2.018,0.827,0.863,0,3
20140930,27,0.543,0.572,0.513,0.411,2.924,0.581,0.161,0.93,0.672,0.569,2.047,2.009,0.813,0.846,0,3
19950331,33,0.368,0.49,0.774,0.338,2.013,0.45,0.217,0.524,0.564,0.484,1.336,5.375,0.851,0.922,25.896,1
19950630,33,0.381,0.488,0.759,0.343,2.09,0.474,0.217,0.556,0.565,0.489,1.344,4.209,0.884,0.962,20.943,1
19950930,33,0.382,0.455,0.741,0.33,2.161,0.502,0.217,0.591,0.552,0.492,1.351,3.282,0.993,1.085,12.635,1
19951231,33,0.37,0.377,0.551,0.292,2.192,0.562,0.212,0.683,0.511,0.5,1.409,1.79,1.951,2.083,3.334,1
19960331,33,0.373,0.407,0.685,0.309,2.325,0.54,0.212,0.645,0.524,0.496,1.379,2.757,1.366,1.484,11.459,1
19960630,33,0.365,0.387,0.688,0.297,2.497,0.547,0.212,0.659,0.513,0.498,1.398,2.654,1.515,1.649,13.714,1
19960930,33,0.368,0.398,0.697,0.303,2.634,0.54,0.212,0.668,0.518,0.507,1.446,2.959,1.456,1.59,15.348,1
19961231,33,0.344,0.44,0.768,0.305,2.707,0.437,0.159,0.649,0.546,0.538,1.726,1.041,0.763,0.845,25.778,1
19970331,33,0.354,0.431,0.756,0.309,2.923,0.473,0.159,0.65,0.536,0.528,1.606,2.795,0.948,1.048,18.724,1
19970630,33,0.352,0.45,0.686,0.315,2.801,0.45,0.159,0.642,0.547,0.534,1.675,2.574,0.932,1.006,15.133,1
19970930,33,0.35,0.468,0.623,0.319,2.744,0.428,0.159,0.636,0.557,0.538,1.752,2.177,0.945,0.995,20.431,1
19971231,33,0.37,0.501,0.464,0.33,2.349,0.417,0.152,0.652,0.585,0.549,1.891,1.594,1.073,1.073,0,1
19980331,33,0.362,0.487,0.462,0.326,2.304,0.422,0.152,0.628,0.574,0.534,1.789,1.796,1.202,1.202,0,1
19980630,33,0.359,0.456,0.5,0.308,2.101,0.426,0.152,0.617,0.567,0.518,1.736,1.644,1.195,1.195,0,1
19980930,33,0.354,0.428,0.548,0.293,1.893,0.436,0.152,0.602,0.557,0.502,1.654,1.726,1.179,1.179,0,1
19981231,33,0.342,0.354,0.659,0.258,1.545,0.48,0.346,0.564,0.52,0.455,1.414,1.776,1.413,1.413,0,1
19990331,33,0.338,0.358,0.66,0.255,1.601,0.456,0.346,0.556,0.528,0.46,1.466,1.933,1.277,1.277,0,1
19990630,33,0.331,0.351,0.641,0.25,1.603,0.451,0.346,0.54,0.524,0.459,1.447,2.078,1.294,1.294,0,1
19990930,33,0.325,0.347,0.61,0.246,1.646,0.441,0.346,0.526,0.521,0.459,1.442,2.184,1.307,1.307,0,1
19991231,33,0.339,0.34,0.516,0.248,1.728,0.479,0.202,0.578,0.517,0.467,1.429,1.715,1.942,1.942,0,1
20000331,33,0.329,0.343,0.577,0.246,1.632,0.456,0.202,0.546,0.518,0.463,1.432,2.526,1.541,1.541,0,1
19970930,36,0.228,0.25,0.301,0.188,1.631,0.406,-0.083,0.295,0.421,0.297,0.728,5.316,2.132,2.947,204.741,2
19971231,36,0.341,0.359,0.273,0.271,2.459,0.514,0.189,0.518,0.502,0.388,1.006,4.903,2.585,3.377,212.502,2
19980331,36,0.304,0.324,0.266,0.246,2.739,0.491,0.189,0.437,0.471,0.361,0.891,2.406,2.426,3.281,209.324,2
19950331,48,0.507,0.585,0.69,0.336,1.76,0.406,0.157,0.9,0.717,0.607,2.896,4.074,0.613,0.702,28.496,2
19950630,48,0.494,0.576,0.69,0.334,1.76,0.405,0.157,0.867,0.707,0.601,2.817,4.074,0.604,0.693,28.496,2
19950930,48,0.484,0.57,0.689,0.332,1.331,0.403,0.157,0.842,0.699,0.597,2.757,4.405,0.599,0.686,22.862,2
19951231,48,0.583,0.682,0.717,0.402,1.707,0.456,0.18,1.578,0.754,0.732,4.063,4.393,0.622,0.709,0,2
19960331,48,0.521,0.629,0.692,0.367,1.666,0.422,0.18,1.073,0.721,0.659,3.216,4.46,0.587,0.672,0,2
19960630,48,0.546,0.658,0.691,0.384,1.649,0.433,0.18,1.253,0.735,0.691,3.554,4.526,0.598,0.683,0,2
19960930,48,0.579,0.685,0.693,0.404,1.641,0.454,0.18,1.547,0.752,0.727,4.019,4.611,0.629,0.72,0,1
19961231,48,0.578,0.687,0.743,0.409,1.697,0.459,0.205,1.499,0.749,0.73,3.922,4.789,0.645,0.726,0,1
19970331,48,0.585,0.684,0.688,0.409,1.655,0.465,0.205,1.557,0.752,0.73,4.013,4.789,0.669,0.764,0,1
19970630,48,0.59,0.696,0.682,0.417,1.704,0.468,0.205,1.579,0.755,0.735,4.056,4.733,0.676,0.773,0,1
19970930,48,0.589,0.712,0.682,0.424,1.757,0.464,0.205,1.554,0.756,0.737,4.045,4.621,0.662,0.756,0,1
19971231,48,0.585,0.722,0.732,0.425,1.884,0.455,0.196,1.476,0.756,0.737,3.963,4.373,0.578,0.664,0,1
19980331,48,0.591,0.742,0.686,0.434,1.881,0.454,0.196,1.549,0.761,0.743,4.092,4.297,0.608,0.698,0,1
19980630,48,0.593,0.747,0.691,0.437,1.916,0.455,0.196,1.557,0.762,0.744,4.078,4.201,0.594,0.68,0,1
19980930,48,0.594,0.747,0.697,0.437,1.903,0.456,0.196,1.552,0.763,0.743,4.052,4.259,0.585,0.667,0,1
19981231,48,0.589,0.748,0.706,0.449,1.974,0.469,0.179,1.439,0.754,0.73,3.749,4.36,0.59,0.655,0,1
19990331,48,0.589,0.746,0.695,0.441,1.908,0.46,0.179,1.433,0.757,0.73,3.797,4.364,0.586,0.659,0,1
19990630,48,0.577,0.738,0.661,0.436,1.911,0.455,0.179,1.306,0.75,0.716,3.566,4.455,0.614,0.683,0,1
19990930,48,0.562,0.756,0.564,0.439,1.993,0.438,0.179,1.184,0.745,0.707,3.41,4.504,0.668,0.73,0,1
19991231,48,0.536,0.905,0.536,0.464,2.362,0.36,0.163,0.981,0.762,0.721,3.578,4.437,0.535,0.578,0,1
19950331,72,0.438,0.438,0.739,0.274,1.739,0.421,0.195,0.78,0.649,0.468,1.851,5.333,1.528,1.528,64.026,2
19950630,72,0.496,0.496,0.749,0.309,1.897,0.449,0.195,0.982,0.686,0.527,2.186,5.333,1.568,1.568,69.625,2
19950930,72,0.493,0.493,0.753,0.31,1.857,0.454,0.195,0.971,0.682,0.524,2.14,5.333,1.506,1.506,67.28,2
19950331,74,0.272,0.283,0.521,0.202,1.079,0.406,0.32,0.349,0.479,0.321,0.918,6.896,1.403,1.403,39.481,1
19950630,74,0.245,0.256,0.481,0.185,1.035,0.394,0.32,0.315,0.452,0.295,0.826,7.092,1.501,1.501,38.203,1
19950930,74,0.242,0.253,0.545,0.182,0.997,0.38,0.32,0.309,0.456,0.293,0.839,7.458,1.314,1.314,38.945,1
19951231,74,0.264,0.302,0.688,0.204,1.247,0.355,0.307,0.314,0.503,0.326,1.01,7.661,0.934,0.934,45.962,1
19960331,74,0.252,0.276,0.63,0.191,1.046,0.36,0.307,0.325,0.483,0.313,0.935,7.661,1.047,1.047,40.995,1
19960630,74,0.267,0.296,0.663,0.203,1.089,0.365,0.307,0.351,0.499,0.33,0.996,7.661,0.968,0.968,41.499,1
19960930,74,0.282,0.315,0.69,0.215,1.148,0.376,0.307,0.38,0.511,0.346,1.045,7.661,0.92,0.92,41.834,1
19961231,74,0.342,0.355,0.778,0.25,1.446,0.45,0.255,0.449,0.536,0.387,1.155,6.628,0.935,0.935,45.737,1
19970331,74,0.322,0.343,0.729,0.238,1.31,0.424,0.255,0.457,0.528,0.373,1.12,5.072,0.935,0.935,43.324,1
19970630,74,0.313,0.357,0.757,0.244,1.377,0.403,0.255,0.439,0.531,0.378,1.134,5.553,0.861,0.861,45.293,1
19970930,74,0.304,0.373,0.771,0.248,1.532,0.377,0.255,0.42,0.537,0.384,1.158,4.568,0.779,0.779,45.589,1
19971231,74,0.263,0.4,0.858,0.241,1.805,0.284,0.246,0.306,0.557,0.397,1.255,3.076,0.65,0.65,50.035,1
19980331,74,0.264,0.38,0.795,0.236,1.811,0.303,0.246,0.345,0.542,0.382,1.185,2.568,0.666,0.666,46.034,1
19950331,90,0.46,0.623,0.659,0.337,1.948,0.351,0.177,0.611,0.708,0.586,2.468,3.558,0.61,0.639,0,1
19950630,90,0.486,0.641,0.663,0.348,1.958,0.366,0.177,0.69,0.721,0.605,2.634,3.395,0.636,0.666,0,1
19950930,90,0.512,0.657,0.66,0.358,1.931,0.38,0.177,0.78,0.734,0.625,2.814,3.335,0.652,0.681,0,1
19951231,90,0.566,0.597,0.715,0.375,1.903,0.49,0.191,1.178,0.727,0.64,3.136,3.551,0.888,0.924,2.002,1
19960331,90,0.559,0.646,0.696,0.38,1.949,0.444,0.191,1.087,0.741,0.664,3.166,3.527,0.79,0.822,2.002,1
19960630,90,0.55,0.604,0.718,0.375,1.872,0.473,0.191,1.123,0.721,0.658,3.016,3.992,0.884,0.919,2.002,1
19960930,90,0.539,0.566,0.749,0.368,1.827,0.501,0.191,1.15,0.7,0.65,2.87,4.456,1.014,1.057,2.002,1
19961231,90,0.512,0.53,0.761,0.349,1.805,0.497,0.196,1.074,0.679,0.598,2.66,4.475,0.963,1.026,22.262,1
19970331,90,0.509,0.565,0.752,0.362,1.76,0.476,0.196,1.058,0.686,0.637,2.731,4.618,0.91,0.961,22.262,1
19950331,95,0.489,0.508,0.568,0.256,1.296,0.332,0.198,0.714,0.742,0.565,2.879,4.742,0.879,0.832,9.629,1
19950630,95,0.482,0.517,0.553,0.261,1.334,0.329,0.198,0.695,0.739,0.565,2.829,4.59,0.826,0.786,9.629,1
19950930,95,0.524,0.58,0.546,0.29,1.414,0.344,0.198,0.844,0.762,0.611,3.207,4.337,0.784,0.751,9.629,1
19951231,95,0.684,0.905,0.622,0.396,1.617,0.347,0.203,1.909,0.862,0.77,6.233,4.19,0.544,0.557,0,1
19960331,95,0.615,0.74,0.573,0.355,1.497,0.362,0.203,1.426,0.815,0.719,4.592,5.129,0.627,0.644,0,1
19960630,95,0.656,0.783,0.589,0.381,1.475,0.383,0.203,2.15,0.833,0.773,5.794,5.621,0.647,0.665,0,1
19960930,95,0.628,0.737,0.596,0.374,1.617,0.393,0.203,2.071,0.812,0.765,5.434,4.19,0.674,0.694,0,1
19961231,95,0.59,0.656,0.797,0.363,1.484,0.423,0.202,1.798,0.773,0.723,4.629,4.831,0.741,0.75,0,0
19950331,116,0.237,0.277,0.521,0.232,2.302,0.548,0.242,0.37,0.362,0.329,0.669,2.604,0.49,0.591,0,2
19950630,116,0.258,0.309,0.53,0.257,2.579,0.559,0.242,0.414,0.383,0.357,0.734,2.428,0.433,0.554,0,2
19950930,116,0.276,0.327,0.552,0.271,2.715,0.574,0.242,0.454,0.399,0.374,0.785,2.491,0.404,0.539,0,2
19951231,116,0.296,0.372,0.556,0.311,3.239,0.603,0.149,0.484,0.411,0.41,0.824,2.596,0.562,0.611,0,2
19960331,116,0.298,0.362,0.557,0.306,3.099,0.62,0.149,0.506,0.406,0.402,0.814,2.66,0.604,0.646,8.76,2
19960630,116,0.286,0.335,0.555,0.287,2.826,0.631,0.149,0.482,0.389,0.381,0.762,3.329,0.658,0.777,15.17,2
19960930,116,0.277,0.32,0.535,0.275,2.719,0.626,0.149,0.461,0.379,0.369,0.735,3.566,0.66,0.852,14.587,2
19961231,116,0.283,0.339,0.524,0.281,3.058,0.576,0.188,0.443,0.406,0.402,0.827,2.187,0.622,0.68,0,2
19970331,116,0.274,0.319,0.532,0.269,2.69,0.592,0.188,0.454,0.389,0.378,0.772,3.33,0.708,0.767,0,2
19970630,116,0.28,0.36,0.549,0.291,3.268,0.541,0.188,0.468,0.418,0.412,0.871,2.087,0.526,0.568,0,2
19970930,116,0.299,0.403,0.575,0.318,4.012,0.53,0.188,0.512,0.446,0.445,0.975,1.218,0.448,0.491,0,2
19971231,116,0.369,0.511,0.606,0.394,6.569,0.553,0.103,0.652,0.514,0.523,1.278,-0.036,0.39,0.451,0,2
19980331,116,0.348,0.479,0.608,0.371,6.408,0.545,0.103,0.639,0.495,0.5,1.185,-0.368,0.421,0.453,6.985,2
19980630,116,0.373,0.499,0.609,0.389,4.938,0.567,0.103,0.707,0.512,0.516,1.261,0.684,0.422,0.481,5.908,2
19980930,116,0.389,0.495,0.62,0.392,4.15,0.597,0.103,0.759,0.516,0.519,1.284,1.265,0.453,0.534,4.311,2
19981231,116,0.407,0.448,0.702,0.369,5.1,0.656,0.136,0.726,0.511,0.507,1.247,-0.063,0.592,0.65,0,2
19990331,116,0.402,0.466,0.659,0.379,3.094,0.637,0.136,0.784,0.513,0.51,1.26,2.861,0.554,0.629,0,2
19990630,116,0.401,0.451,0.678,0.371,3.095,0.651,0.136,0.782,0.507,0.501,1.231,2.503,0.598,0.712,0,2
19990930,116,0.387,0.434,0.688,0.358,2.811,0.646,0.136,0.738,0.494,0.486,1.168,2.862,0.618,0.74,0,2
19991231,116,0.345,0.348,0.624,0.297,2.204,0.665,0.274,0.551,0.442,0.42,0.953,2.968,1.266,1.374,0,2
20000331,116,0.359,0.385,0.667,0.322,2.338,0.648,0.274,0.651,0.463,0.446,1.037,3.136,1.006,1.003,9.471,1
20000630,116,0.313,0.329,0.675,0.264,2.111,0.557,0.274,0.517,0.45,0.384,0.955,3.352,1.114,1.075,10.362,1
20000930,116,0.286,0.307,0.667,0.233,2.11,0.473,0.274,0.444,0.458,0.354,0.964,3.356,0.973,0.98,10.007,1
20001231,116,0.252,0.34,0.64,0.23,2.426,0.346,0.184,0.259,0.493,0.365,1.08,3.351,0.473,0.535,5.153,1
20010331,116,0.248,0.309,0.687,0.214,2.276,0.359,0.184,0.331,0.479,0.339,1.019,3.187,0.56,0.623,10.516,1
20010630,116,0.248,0.313,0.686,0.216,2.207,0.355,0.184,0.331,0.482,0.344,1.033,3.116,0.536,0.6,10.143,1
20010930,116,0.253,0.33,0.714,0.227,2.189,0.358,0.184,0.34,0.486,0.359,1.059,3.131,0.499,0.552,13.174,1
20011231,116,0.312,0.369,0.645,0.266,2.415,0.446,0.139,0.369,0.504,0.406,1.149,3.394,0.739,0.826,10.194,1
20020331,116,0.285,0.34,0.705,0.242,2.093,0.414,0.139,0.41,0.49,0.377,1.086,3.491,0.63,0.691,18.154,1
20020630,116,0.317,0.367,0.719,0.267,2.206,0.459,0.139,0.481,0.503,0.408,1.154,3.425,0.675,0.741,17.449,1
20020930,116,0.363,0.408,0.616,0.304,2.536,0.515,0.139,0.594,0.526,0.451,1.275,2.989,0.838,0.912,16.264,1
20021231,116,0.503,0.577,0.251,0.43,4.599,0.594,0.136,0.852,0.63,0.595,1.978,2.46,1.607,1.669,13.802,1
20030331,116,0.463,0.523,0.318,0.393,3.776,0.583,0.136,0.84,0.597,0.553,1.721,1.981,1.34,1.411,5.552,1
20030630,116,0.49,0.571,0.251,0.42,4.387,0.577,0.136,0.865,0.625,0.584,1.942,1.673,1.418,1.49,13.802,1
20030930,116,0.496,0.578,0.228,0.42,4.374,0.57,0.136,0.822,0.633,0.589,2.008,1.819,1.504,1.575,13.802,1
20031231,116,0.506,0.509,0.272,0.362,3.829,0.555,0.146,0.84,0.648,0.568,2.143,1.958,2.034,2.159,0,1
20040331,116,0.496,0.542,0.247,0.387,3.923,0.553,0.146,0.81,0.64,0.573,2.065,2.06,1.69,1.778,0,1
20040630,116,0.497,0.534,0.252,0.38,3.786,0.55,0.146,0.81,0.643,0.57,2.084,2.126,1.83,1.912,0,1
20040930,116,0.503,0.525,0.25,0.373,3.862,0.551,0.146,0.823,0.647,0.569,2.126,1.828,2.056,2.151,0,1
20041231,116,0.498,0.507,0.242,0.339,3.751,0.501,0.109,0.782,0.664,0.559,2.285,1.647,2.366,2.492,0,1
20050331,116,0.499,0.524,0.241,0.363,3.795,0.528,0.109,0.799,0.654,0.565,2.184,1.633,2.138,2.235,0,1
20050630,116,0.494,0.506,0.251,0.351,3.658,0.528,0.109,0.782,0.649,0.555,2.145,1.592,2.277,2.385,0,1
20050930,116,0.486,0.503,0.252,0.346,3.562,0.519,0.109,0.759,0.646,0.55,2.118,1.65,2.213,2.315,0,1
20051231,116,0.46,0.511,0.275,0.356,3.651,0.515,0.134,0.708,0.623,0.546,1.919,1.566,1.572,1.669,0,1
20060331,116,0.467,0.498,0.269,0.349,3.423,0.522,0.134,0.721,0.626,0.541,1.95,1.664,1.843,1.936,0,1
20060630,116,0.455,0.495,0.26,0.345,3.343,0.512,0.134,0.7,0.62,0.534,1.894,1.638,1.689,1.776,0,1
20060930,116,0.436,0.475,0.235,0.328,3.097,0.492,0.134,0.666,0.611,0.517,1.826,1.624,1.52,1.593,0,2
20061231,116,0.385,0.499,0.175,0.32,2.943,0.408,0.138,0.58,0.606,0.508,1.797,1.776,1.364,1.426,0,2
20070331,116,0.391,0.478,0.179,0.313,2.736,0.427,0.138,0.587,0.6,0.499,1.753,1.948,1.387,1.441,0,3
20070630,116,0.35,0.429,0.154,0.269,2.246,0.37,0.138,0.51,0.593,0.459,1.701,2.198,1.321,1.368,1.517,3
20070930,116,0.319,0.394,0.144,0.243,1.967,0.34,0.138,0.456,0.579,0.43,1.609,2.411,1.322,1.369,4.319,3
20071231,116,0.263,0.425,0.137,0.267,1.979,0.307,0.177,0.364,0.537,0.429,1.353,2.792,1.343,1.384,1.083,2
20080331,116,0.264,0.305,0.142,0.191,1.405,0.305,0.177,0.364,0.54,0.359,1.372,3.109,1.323,1.369,2.69,2
20080630,116,0.262,0.305,0.168,0.204,1.415,0.346,0.177,0.362,0.506,0.359,1.196,3.46,1.392,1.449,2.223,2
20080930,116,0.26,0.303,0.201,0.214,1.394,0.385,0.177,0.358,0.477,0.357,1.068,4.013,1.493,1.565,0.696,2
20081231,116,0.268,0.271,0.317,0.214,1.243,0.501,0.262,0.382,0.423,0.342,0.858,4.11,1.948,2.107,0,2
20090331,116,0.262,0.266,0.301,0.208,1.269,0.484,0.262,0.366,0.424,0.334,0.861,4.358,1.937,2.08,1.693,2
20090630,116,0.264,0.266,0.315,0.21,1.263,0.499,0.262,0.371,0.418,0.333,0.842,4.467,2.068,2.23,4.069,2
20090930,116,0.266,0.269,0.317,0.213,1.339,0.504,0.262,0.379,0.419,0.336,0.847,3.876,2.097,2.265,6.117,2
20091231,116,0.251,0.252,0.311,0.197,1.269,0.472,0.348,0.348,0.416,0.328,0.838,3.529,1.906,2.107,0,2
20100331,116,0.258,0.26,0.31,0.205,1.356,0.489,0.348,0.363,0.416,0.33,0.84,3.205,2.053,2.244,6.565,2
20100630,116,0.255,0.256,0.308,0.2,1.401,0.48,0.348,0.355,0.416,0.328,0.837,2.749,1.979,2.164,3.287,2
20100930,116,0.25,0.251,0.308,0.196,1.364,0.473,0.348,0.345,0.414,0.323,0.83,2.844,1.946,2.131,2.567,2
20101231,116,0.252,0.252,0.321,0.193,1.423,0.454,0.34,0.341,0.425,0.326,0.865,2.778,1.825,1.969,0,2
20110331,116,0.251,0.263,0.297,0.202,1.505,0.454,0.34,0.342,0.425,0.331,0.865,2.647,1.873,2.016,0,2
20110630,116,0.252,0.264,0.301,0.201,1.453,0.448,0.34,0.338,0.429,0.332,0.876,2.612,1.911,2.065,0.847,2
20110930,116,0.251,0.263,0.311,0.199,1.424,0.44,0.34,0.334,0.433,0.334,0.888,3.424,1.868,2.026,0,2
20111231,116,0.249,0.25,0.368,0.187,1.384,0.425,0.349,0.321,0.439,0.324,0.908,3.427,1.803,1.951,0,2
20120331,116,0.249,0.249,0.338,0.189,1.354,0.437,0.349,0.323,0.432,0.323,0.884,3.564,1.919,2.098,2.074,2
20120630,116,0.247,0.248,0.338,0.187,1.389,0.431,0.349,0.318,0.432,0.32,0.887,4.138,1.864,2.049,4.597,2
20120930,116,0.246,0.246,0.338,0.185,1.443,0.428,0.349,0.315,0.432,0.316,0.888,3.005,1.87,2.071,11.69,2
20121231,116,0.27,0.27,0.331,0.2,1.679,0.434,0.279,0.353,0.46,0.344,0.989,2.827,1.733,1.907,5.345,2
20130331,116,0.257,0.257,0.327,0.192,1.608,0.433,0.279,0.332,0.445,0.327,0.931,2.436,1.834,2.041,13.163,2
20130630,116,0.263,0.263,0.294,0.195,1.744,0.431,0.279,0.34,0.453,0.333,0.957,1.769,1.865,2.053,8.481,2
20130930,116,0.27,0.27,0.305,0.199,1.873,0.432,0.279,0.349,0.461,0.34,0.979,1.096,1.807,1.972,4.286,2
20131231,116,0.269,0.269,0.351,0.193,2.417,0.406,0.117,0.345,0.475,0.35,1.028,-1.128,1.546,1.751,10.94,2
20140331,116,0.269,0.269,0.314,0.196,2.795,0.42,0.117,0.345,0.467,0.342,0.994,-2.372,1.707,1.892,11.033,3
20140630,116,0.27,0.27,0.341,0.196,3.186,0.419,0.117,0.347,0.468,0.344,0.998,-2.993,1.634,1.825,15.334,3
20140930,116,0.271,0.272,0.342,0.197,3.54,0.416,0.117,0.35,0.473,0.348,1.017,-3.391,1.547,1.743,15.223,3
19950331,135,0.935,0.941,0.29,0.876,20.117,0.926,-0.027,18.503,0.939,0.951,19.971,-0.097,1.882,2.296,0,4
19950630,135,0.947,0.955,0.318,0.891,17.102,0.929,-0.027,25.005,0.951,0.963,26.923,-0.028,1.849,2.084,6.651,4
19950930,135,0.8,0.801,0.237,0.757,12.593,0.933,0.053,4.2,0.811,0.814,4.502,0.077,3.127,3.253,0,4
19951231,135,0.877,0.882,0.277,0.826,10.786,0.928,0.053,7.891,0.885,0.892,8.505,0.198,2.756,2.393,0,4
19960331,135,0.84,0.844,0.255,0.791,9.377,0.926,0.053,5.652,0.85,0.855,6.104,0.252,2.713,2.494,0,4
19960630,135,0.802,0.804,0.271,0.756,8.07,0.927,0.053,4.295,0.814,0.817,4.634,0.342,2.826,2.579,0,4
19960930,135,0.786,0.798,0.563,0.752,6.533,0.928,0.078,3.903,0.799,0.803,4.207,0.58,1.708,1.849,0,4
19961231,135,0.799,0.805,0.364,0.757,6.109,0.926,0.078,4.263,0.811,0.816,4.601,0.707,1.619,2.275,0,4
19970331,135,0.802,0.807,0.4,0.758,5.675,0.925,0.078,4.373,0.814,0.82,4.727,0.846,1.559,2.203,0,4
19970630,135,0.806,0.811,0.443,0.763,5.268,0.927,0.078,4.514,0.817,0.825,4.869,0.969,1.582,2.19,0,4
19970930,135,0.78,0.783,0.541,0.714,4.393,0.89,0.172,4.053,0.799,0.808,4.555,1.16,1.406,1.509,12.217,4
19971231,135,0.798,0.802,0.514,0.746,4.355,0.913,0.172,4.44,0.812,0.821,4.862,1.255,1.752,1.903,20.102,4
19980331,135,1.094,1.098,0.536,1.02,6.196,0.934,0.172,6.08,1.087,1.119,-9.85,1.014,1.703,1.912,38.876,4
19980630,135,1.378,1.381,0.53,1.28,8.823,0.946,0.172,7.519,1.35,1.41,-3.593,0.651,1.762,2.005,58.439,4
19980930,135,1.903,1.903,0.439,1.775,11.782,0.964,0.018,0,1.842,1.952,-2.113,0.637,2.297,2.474,35.746,4
19981231,135,1.901,1.902,0.504,1.77,12.149,0.962,0.018,0,1.839,1.937,-2.132,0.543,1.912,2.09,68.868,4
19990331,135,1.886,1.889,0.507,1.74,11.173,0.957,0.018,0,1.816,1.91,-2.168,0.608,1.544,1.726,39.95,4
19990630,135,1.866,1.872,0.54,1.712,8.706,0.952,0.018,0,1.792,1.884,-2.209,0.927,1.284,1.439,34.78,4
19950331,163,0.483,0.484,0.022,0.414,-12.6,0.74,0,0.782,0.558,0.516,1.265,-1.853,3.813,3.868,0,4
19950630,163,0.489,0.489,0.035,0.418,-10.66,0.741,0,0.809,0.563,0.526,1.289,-2.071,2.51,2.565,0,4
19950930,163,0.431,0.431,0.051,0.363,-9.046,0.696,0,0.664,0.521,0.475,1.087,-2.411,1.774,1.826,0,4
19951231,163,0.36,0.36,0.082,0.3,-9.546,0.644,-0.054,0.518,0.466,0.407,0.872,-2.804,1.324,1.383,0,4
19960331,163,0.384,0.384,0.076,0.323,-8.16,0.668,-0.054,0.569,0.483,0.429,0.932,-2.845,1.47,1.526,0,4
19960630,163,0.38,0.38,0.091,0.323,-8.06,0.682,-0.054,0.567,0.473,0.418,0.898,-2.839,1.575,1.644,0,4
19960930,163,0.411,0.411,0.119,0.357,-8.84,0.733,-0.054,0.656,0.488,0.441,0.951,-2.655,1.618,1.712,0,4
19961231,163,0.498,0.498,0.292,0.43,-11.364,0.76,-0.062,0.923,0.566,0.517,1.305,-2.48,0.702,0.823,0,4
19970331,163,0.492,0.492,0.179,0.434,-10.407,0.786,-0.062,0.915,0.552,0.514,1.232,-2.363,1.558,1.686,0,4
19970630,163,0.545,0.545,0.194,0.48,-10.921,0.801,-0.062,1.129,0.599,0.567,1.495,-2.197,1.6,1.74,0,4
19970930,163,0.572,0.573,0.213,0.5,-10.221,0.796,-0.062,1.304,0.627,0.598,1.682,-2.167,1.507,1.634,0,4
19971231,163,0.674,0.675,0.287,0.547,-12.264,0.745,-0.054,1.958,0.733,0.695,2.771,-2.08,0.96,1.092,0,4
19980331,163,0.646,0.647,0.199,0.548,-11.469,0.782,-0.054,1.943,0.7,0.671,2.336,-1.99,1.639,1.775,0,4
19980630,163,0.673,0.674,0.218,0.564,-13.615,0.776,-0.054,2.416,0.726,0.699,2.657,-1.886,1.427,1.561,0,4
19980930,163,0.723,0.724,0.249,0.602,-19.255,0.782,-0.054,3.358,0.77,0.746,3.349,-1.67,1.311,1.44,0,4
19981231,163,0.808,0.809,0.421,0.667,-35.099,0.792,-0.033,10.855,0.841,0.822,5.386,-1.479,0.837,0.89,0,4
19990331,163,0.797,0.798,0.402,0.661,-93.623,0.793,-0.033,8.143,0.832,0.816,4.982,-1.256,0.843,0.927,0,4
19990630,163,0.822,0.823,0.363,0.68,78.243,0.796,-0.033,12.62,0.853,0.838,5.863,-1.012,0.976,1.038,0,4
19990930,163,0.833,0.835,0.322,0.686,26.623,0.793,-0.033,17.603,0.863,0.848,6.394,-0.776,1.068,1.12,0,4
19991231,163,0.701,0.783,0.094,0.625,21.501,0.735,0.023,3.346,0.762,0.742,3.228,-0.508,2.298,2.338,0,4
20000331,163,0.767,0.792,0.131,0.654,14.403,0.784,0.023,5.61,0.808,0.788,4.245,-0.325,2.273,2.32,0,4
20000630,163,0.756,0.779,0.11,0.651,12.797,0.793,0.023,4.801,0.796,0.777,3.939,-0.187,2.744,2.8,0,4
20000930,163,0.748,0.77,0.097,0.649,11.905,0.801,0.023,4.251,0.787,0.768,3.725,-0.063,3.14,3.204,0,4
20001231,163,0.789,0.795,0.134,0.649,11.654,0.779,0.043,5.506,0.828,0.8,4.804,-0.001,2.305,2.373,0,4
20010331,163,0.79,0.796,0.117,0.669,11.368,0.806,0.043,6.163,0.824,0.805,4.679,-0.017,2.841,2.918,0,4
20010630,163,0.811,0.817,0.13,0.682,11.248,0.803,0.043,8.281,0.842,0.825,5.335,0.007,2.582,2.664,0,4
20010930,163,0.827,0.833,0.148,0.691,11.005,0.801,0.043,11.915,0.856,0.84,5.955,0.01,2.344,2.429,0,4
20011231,163,0.906,1.029,0.197,0.758,9.294,0.717,0.055,0,0.931,0.919,13.402,0.035,1.194,1.25,0,4
20020331,163,0.878,0.939,0.181,0.731,8.718,0.755,0.055,26.011,0.905,0.891,9.55,0.235,1.572,1.643,0,4
20020630,163,0.895,0.962,0.205,0.721,6.874,0.729,0.055,22.565,0.921,0.905,11.701,0.55,1.475,1.545,3.717,4
20020930,163,0.905,0.98,0.233,0.703,5.523,0.697,0.055,13.065,0.932,0.915,13.755,0.944,1.37,1.443,11.639,4
20021231,163,0.761,0.777,0.239,0.584,3.964,0.698,0.143,2.841,0.82,0.772,4.564,1.433,1.598,1.687,0,4
20030331,163,0.819,0.836,0.254,0.613,3.763,0.693,0.143,4.236,0.868,0.827,6.552,1.772,1.659,1.752,14.222,4
20030630,163,0.774,0.791,0.257,0.583,3.406,0.685,0.143,3.002,0.833,0.784,4.993,2.036,1.546,1.632,14.588,3
20030930,163,0.73,0.767,0.246,0.571,3.129,0.681,0.143,2.246,0.799,0.747,3.974,2.396,1.448,1.52,7.43,3
20031231,163,0.621,0.652,0.365,0.498,2.422,0.667,0.227,1.262,0.711,0.647,2.456,2.869,1.23,1.309,0.303,3
20040331,163,0.659,0.701,0.284,0.527,2.52,0.666,0.227,1.516,0.743,0.684,2.896,3.468,1.371,1.448,2.637,3
20040630,163,0.605,0.648,0.304,0.499,2.256,0.669,0.227,1.256,0.696,0.636,2.29,4.119,1.32,1.415,0.529,3
20040930,163,0.561,0.58,0.344,0.459,1.993,0.68,0.227,1.103,0.653,0.587,1.879,4.872,1.333,1.459,3.562,3
20041231,163,0.473,0.474,0.304,0.376,1.668,0.645,0.324,0.762,0.582,0.488,1.39,5.444,1.872,1.996,10.959,3
20050331,163,0.489,0.495,0.322,0.396,1.716,0.661,0.324,0.852,0.592,0.513,1.449,5.809,1.585,1.721,7.329,3
