Company/Bond,Quarter,Rating,Ending Date,Net Debt/EBITDA,Total Debt/EBIT,Net Debt/EBIT,EBITDA to Interest Expense,EBITDA-CapEx/Interest Expense,EBIT to Interest Expense,Interest Expense,Common Equity/Total Assets,Long-Term Debt/Equity,Long-Term Debt/Capital,Long-Term Debt/Total Assets,Total Debt/Equity,Total Debt/Capital,Total Debt/Total Assets,Number Rating,Rating Change
IBM Senior Unsecured (Domestic),Q1 1995,A3,34789,1.02,4.42,2.31,16.15,6.75,9.35,216,27.54,53.59,27.56,15.47,94.47,48.58,27.28,7,0
IBM Senior Unsecured (Domestic),Q2 1995,A3,34880,0.98,3.52,1.89,19.82,16.67,11.77,180,29.46,51.98,26.8,15.48,93.93,48.44,27.97,7,0
IBM Senior Unsecured (Domestic),Q3 1995,A1,34972,0.9,2.83,1.54,21.68,18.3,14.76,188,30.14,47.29,24.54,14.4,92.68,48.1,28.22,5,2
IBM Senior Unsecured (Domestic),Q4 1995,A1,35064,1.15,3.03,2.05,9.48,5.18,1.18,159,27.63,48.17,24.17,13.47,99.3,49.82,27.76,5,0
IBM Senior Unsecured (Domestic),Q1 1996,A1,35155,1.06,2.85,1.83,20.41,5.97,12.68,198,27.61,44.86,22.84,12.53,96.46,49.1,26.94,5,0
IBM Senior Unsecured (Domestic),Q2 1997,A1,35611,1.36,2.88,2.11,19.19,10.86,12.41,179,25.19,58.06,25.48,14.81,127.82,56.11,32.61,5,0
IBM Senior Unsecured (Domestic),Q3 1997,A1,35703,1.42,2.92,2.19,17.38,10.11,10.95,183,24.91,68.96,29.68,17.4,132.32,56.96,33.39,5,0
IBM Senior Unsecured (Domestic),Q4 1997,A1,35795,1.37,2.96,2.13,22.93,7.89,15.63,194,24.01,69.12,29.3,16.81,135.88,57.61,33.04,5,0
IBM Senior Unsecured (Domestic),Q1 1998,A1,35885,1.58,3.14,2.47,15.5,9.48,8.67,179,23.88,79.67,32.28,19.28,146.81,59.48,35.53,5,0
IBM Senior Unsecured (Domestic),Q2 1998,A1,35976,1.64,3.2,2.57,20.05,11.82,13.13,161,23.76,78.54,31.42,18.92,149.98,60,36.13,5,0
IBM Senior Unsecured (Domestic),Q3 1998,A1,36068,1.67,3.21,2.55,19.24,9.42,13.56,160,23.06,81.78,32.35,19.12,152.81,60.44,35.72,5,0
IBM Senior Unsecured (Domestic),Q4 1999,A1,36525,1.22,2.38,1.89,25.02,9.89,17.67,171,23.16,68.86,28.9,16.14,138.24,58.03,32.41,5,0
IBM Senior Unsecured (Domestic),Q1 2000,A1,36616,1.34,2.36,2.06,22.11,16.66,14.03,152,23.28,73.24,30,17.27,144.17,59.04,34,5,0
IBM Senior Unsecured (Domestic),Q2 2000,A1,36707,1.67,2.76,2.45,44.58,31.37,32.46,84,22.82,87.93,34.87,20.32,152.15,60.34,35.17,5,0
IBM Senior Unsecured (Domestic),Q3 2000,A1,36799,1.71,2.75,2.46,21.74,15.96,15.38,183,23.01,95.54,38.18,22.27,150.26,60.04,35.02,5,0
IBM Senior Unsecured (Domestic),Q4 2000,A1,36891,1.51,2.46,2.14,17.87,7.41,13.29,298,23.06,89.08,37.34,20.79,138.56,58.08,32.34,5,0
IBM Senior Unsecured (Domestic),Q1 2001,A1,36981,1.51,2.46,2.13,49.66,28.57,32.04,70,25.03,83.49,35.63,21.14,134.32,57.32,34.01,5,0
IBM Senior Unsecured (Domestic),Q2 2002,A1,37437,1.85,3.58,3.09,70.24,31.81,23.76,33,25.41,76.05,34.44,19.32,120.78,54.71,30.69,5,0
IBM Senior Unsecured (Domestic),Q3 2002,A1,37529,1.71,3.55,2.83,94.24,51.36,62.44,34,26.31,80.45,37.15,21.17,116.53,53.82,30.66,5,0
IBM Senior Unsecured (Domestic),Q4 2002,A1,37621,1.79,3.83,2.95,67.19,26.23,53.06,48,23.61,87.73,40.96,20.71,114.2,53.31,26.97,5,0
IBM Senior Unsecured (Domestic),Q1 2003,A1,37711,1.73,3.55,2.78,73.47,51.84,45.58,40,25.67,81.54,39.77,20.93,105.01,51.22,26.96,5,0
IBM Senior Unsecured (Domestic),Q2 2003,A1,37802,1.4,2.71,2.05,85.07,53.76,56.39,41,27.41,71.4,37.63,19.57,89.73,47.29,24.6,5,0
IBM Senior Unsecured (Domestic),Q3 2003,A1,37894,1.29,2.59,1.9,102.39,74.54,66.73,33,28.12,62.54,33.94,17.58,84.26,45.73,23.69,5,0
IBM Senior Unsecured (Domestic),Q4 2003,A1,37986,1.08,2.34,1.58,160.77,86.69,121.03,31,26.68,60.96,32.99,16.26,84.81,45.89,22.62,5,0
IBM Senior Unsecured (Domestic),Q1 2004,A1,38077,1.02,2.35,1.5,87.29,65.26,51.94,35,27.68,57.12,31.05,15.81,83.97,45.64,23.24,5,0
IBM Senior Unsecured (Domestic),Q2 2004,A1,38168,0.94,2.22,1.39,98.09,72.28,63.94,33,28.95,50.02,28.41,14.48,76.05,43.2,22.02,5,0
IBM Senior Unsecured (Domestic),Q3 2004,A1,38260,0.86,2.29,1.28,95.75,60.08,59.47,32,29.5,45.53,26.18,13.43,73.9,42.5,21.8,5,0
IBM Senior Unsecured (Domestic),Q4 2004,A1,38352,0.85,2.38,1.29,132.69,71.02,97.05,39,28.55,46.79,27.15,13.36,72.35,41.98,20.65,5,0
IBM Senior Unsecured (Domestic),Q1 2005,A1,38442,1.01,2.42,1.53,64.16,48.88,38,49,28.52,57.1,32.03,16.29,78.25,43.9,22.32,5,0
IBM Senior Unsecured (Domestic),Q2 2006,A1,38898,0.72,1.92,1.04,53.1,40.24,35.78,72,32.45,41.35,25.07,13.42,64.92,39.36,21.07,5,0
IBM Senior Unsecured (Domestic),Q3 2006,A1,38990,0.67,1.91,0.97,57.93,42.67,40.39,70,32.88,39.23,23.89,12.9,64.21,39.1,21.11,5,0
IBM Senior Unsecured (Domestic),Q4 2006,A1,39082,0.71,1.9,1.01,82.8,60.14,64.23,70,27.61,48.34,26.92,13.35,79.57,44.31,21.97,5,0
IBM Senior Unsecured (Domestic),Q1 2007,A1,39172,0.77,1.97,1.08,48.05,31.99,31.07,73,27.37,51.37,27.6,14.06,86.11,46.27,23.56,5,0
IBM Senior Unsecured (Domestic),Q2 2007,A1,39263,1.41,2.81,1.98,31.21,24.39,21.33,130,16.34,84.63,27.54,13.83,207.23,67.45,33.86,5,0
IBM Senior Unsecured (Domestic),Q3 2007,A1,39355,1.21,2.79,1.7,23.05,17.25,16.1,193,18.92,91.38,33.61,17.29,171.9,63.22,32.52,5,0
IBM Senior Unsecured (Domestic),Q4 2008,A1,39813,0.98,2.13,1.32,35.92,28.96,29.03,192,12.3,168.49,47.88,20.72,251.93,71.59,30.97,5,0
IBM Senior Unsecured (Domestic),Q1 2009,A1,39903,0.89,1.98,1.19,28.79,23.86,19.76,136,13.34,154.14,47.25,20.7,226.22,69.35,30.39,5,0
IBM Senior Unsecured (Domestic),Q2 2009,A1,39994,0.79,1.83,1.05,52.23,43.94,39.93,101,14.84,134.87,46.53,20.13,189.83,65.5,28.34,5,0
IBM Senior Unsecured (Domestic),Q3 2009,A1,40086,0.65,1.55,0.85,64.6,52.98,49.62,84,17.74,111.3,46.82,19.85,137.72,57.93,24.57,5,0
IBM Senior Unsecured (Domestic),Q4 2009,A1,40178,0.55,1.53,0.71,91.23,74.86,75.62,81,20.76,96.38,44.89,20.12,114.7,53.42,23.94,5,0
IBM Senior Unsecured (Domestic),Q1 2010,A1,40268,0.56,1.54,0.72,48.78,39.54,34.02,82,20.94,96.19,43.96,20.25,118.83,54.3,25.02,5,0
IBM Senior Unsecured (Domestic),Q2 2011,Aa3,40724,0.74,1.54,0.93,61.78,49.34,49.34,97,20.38,94.42,41.36,19.31,128.27,56.19,26.24,4,1
IBM Senior Unsecured (Domestic),Q3 2011,Aa3,40816,0.76,1.52,0.95,57.52,47.74,46.38,107,20.24,107.65,45.85,21.87,134.78,57.41,27.38,4,0
IBM Senior Unsecured (Domestic),Q4 2011,Aa3,40908,0.77,1.54,0.96,73.27,62.88,62.75,113,17.3,112.96,44.34,19.63,154.78,60.75,26.9,4,0
IBM Senior Unsecured (Domestic),Q1 2012,Aa3,40999,0.78,1.57,0.96,43.53,32.36,33.01,110,17.95,123.95,48.75,22.33,154.23,60.67,27.79,4,0
IBM Senior Unsecured (Domestic),Q2 2012,Aa3,41090,0.84,1.58,1.03,51.56,39.63,41.51,117,17.98,120.44,46.73,21.76,157.73,61.2,28.49,4,0
IBM Senior Unsecured (Domestic),Q3 2012,Aa3,41182,0.87,1.69,1.08,44.2,35.98,34.6,124,18.61,112.3,43.97,21.02,155.38,60.84,29.08,4,0
IBM Senior Unsecured (Domestic),Q4 2013,Aa3,41639,1.21,2.08,1.5,71.79,4.49,61.04,113,18.06,143.29,52.45,26.03,173.22,63.4,31.47,4,0
IBM Senior Unsecured (Domestic),Q1 2014,Aa3,41729,1.48,2.37,1.85,39,25.76,28.13,105,13.54,207.1,57.09,28.27,262.72,72.43,35.86,4,0
IBM Senior Unsecured (Domestic),Q2 2014,Aa3,41820,1.5,2.35,1.86,46,38.47,37.43,136,13.98,194.19,53.15,27.36,265.35,72.63,37.38,4,0
IBM Senior Unsecured (Domestic),Q3 2014,Aa3,41912,1.52,2.38,1.88,42.68,34.46,33.64,126,11.99,227.99,54.62,27.6,317.43,76.04,38.43,4,0
IBM Senior Unsecured (Domestic),Q4 2014,Aa3,42004,1.45,2.29,1.81,56.02,47.52,47.08,117,10.12,291.25,66.35,29.84,338.95,77.22,34.72,4,0
IBM Senior Unsecured (Domestic),Q1 2015,Aa3,42094,1.37,2.2,1.7,34.81,26.39,25.85,108,10.84,279.05,67.09,30.61,315.92,75.96,34.66,4,0
IBM Senior Unsecured (Domestic),Q1 2015,Aa3,42094,1.37,2.2,1.7,34.81,26.39,25.85,108,10.84,279.05,67.09,30.61,315.92,75.96,34.66,4,0
IBM Senior Unsecured (Domestic),Q2 2015,Aa3,42185,1.45,2.35,1.82,42.37,34.54,34.01,115,12.14,240.94,63.5,29.57,279.45,73.65,34.3,4,0
IBM Senior Unsecured (Domestic),Q3 2015,Aa3,42277,1.54,2.54,1.93,37.21,28.86,29.21,117,12.24,238.81,60.48,29.56,294.85,74.67,36.5,4,0
IBM Senior Unsecured (Domestic),Q4 2015,Aa3,42369,1.68,2.66,2.11,45.92,38.82,38.19,128,12.91,231.75,61.55,30.25,276.55,73.44,36.1,4,0
IBM Senior Unsecured (Domestic),Q1 2016,Aa3,42460,1.77,3.39,2.28,15.24,8.68,8.27,147,12.56,267.08,66.39,33.87,302.26,75.14,38.33,4,0
IBM Senior Unsecured (Domestic),Q2 2016,Aa3,42551,1.55,2.91,2.06,23.89,18.57,17.29,167,13.33,196.85,60.09,26.49,227.6,69.48,30.63,4,0
,,,,,,,,,,,,,,,,,,,
Alcoa Unsecured (Domestic),Q2 2002,A1,37437,2.48,4.55,4.27,8.66,4.65,5.43,83,37.47,58.29,36.47,24.64,59.82,37.43,25.29,5,0
Alcoa Unsecured (Domestic),Q3 2002,A2,37529,2.99,5.82,5.43,7.81,4.15,4.69,95,36.58,66.08,39.41,27.21,67.7,40.37,27.87,6,-1
Alcoa Unsecured (Domestic),Q4 2002,A2,37621,3.08,5.57,5.34,5.86,1.48,2.88,97,33.12,74.56,42.45,28.06,75.65,43.07,28.47,6,0
Alcoa Unsecured (Domestic),Q1 2003,A2,37711,3.08,5.54,5.3,7.92,5.61,4.66,88,33.03,75.72,42.86,28.57,76.65,43.39,28.92,6,0
Alcoa Unsecured (Domestic),Q2 2003,A2,37802,2.79,5.19,4.91,8.91,5.57,5.15,81,33.58,66.74,39.8,25.82,67.68,40.36,26.18,6,0
Alcoa Unsecured (Domestic),Q3 2003,A2,37894,2.72,5,4.75,10.28,6.65,6.27,74,35.7,61.76,37.81,24.71,63.36,38.79,25.35,6,0
Alcoa Unsecured (Domestic),Q4 2003,A2,37986,2.32,4.32,3.98,9.93,5.35,5.52,71,37.9,49.88,32.35,21.1,54.2,35.15,22.93,6,0
Alcoa Unsecured (Domestic),Q1 2004,A2,38077,2.24,3.97,3.73,13.61,9.55,8.84,64,38.13,49.68,32.36,21.13,53.55,34.87,22.77,6,0
Alcoa Unsecured (Domestic),Q2 2004,A2,38168,1.97,3.37,3.14,13.41,8.6,9.01,69,38.59,46.63,30.94,19.99,50.7,33.64,21.73,6,0
Alcoa Unsecured (Domestic),Q3 2004,A2,38260,1.83,3.15,2.89,12.37,6.69,7.9,67,38.69,43.89,29.7,18.91,47.78,32.33,20.58,6,0
Alcoa Unsecured (Domestic),Q4 2004,A2,38352,1.73,2.9,2.69,10.53,3.53,6.31,72,40.62,36.32,25.43,16.39,42.8,29.97,19.32,6,0
Alcoa Unsecured (Domestic),Q1 2005,A2,38442,1.97,3.29,3.07,11.86,7.41,7.76,78,39.59,36.14,24.11,15.62,49.93,33.3,21.58,6,0
Alcoa Unsecured (Domestic),Q2 2006,A2,38898,1.56,2.31,2.17,15.99,8.55,12.67,98,40.16,32.45,22.07,14.42,47.06,32,20.91,6,0
Alcoa Unsecured (Domestic),Q3 2006,A2,38990,1.49,2.16,2,12.21,2.6,9.03,101,40.35,27.39,18.4,12.25,48.88,32.83,21.86,6,0
Alcoa Unsecured (Domestic),Q4 2006,A2,39082,1.24,1.74,1.62,13.68,1.34,10.18,93,39.2,35.97,24.97,15.89,44.03,30.57,19.46,6,0
Alcoa Unsecured (Domestic),Q1 2007,A2,39172,1.32,1.81,1.71,17.98,5.37,14.31,83,40.42,36.33,25.11,16.6,44.68,30.88,20.41,6,0
Alcoa Unsecured (Domestic),Q2 2007,A2,39263,1.23,1.88,1.61,17.05,4.17,13.36,86,41.82,33,23.3,15.61,41.65,29.4,19.7,6,0
Alcoa Unsecured (Domestic),Q3 2007,A2,39355,1.16,1.87,1.54,6.94,0.52,4.7,151,40.46,34.72,24.64,16.15,40.91,29.03,19.03,6,0
Alcoa Unsecured (Domestic),Q4 2007,Baa1,39447,1.57,2.25,2.11,9.75,-1.86,6.22,81,41.13,34.48,24.07,16.42,43.26,30.19,20.6,8,-2
Alcoa Unsecured (Domestic),Q1 2008,Baa1,39538,1.85,2.71,2.59,11.03,2.47,7.81,99,40,34.79,23.84,16.34,45.91,31.47,21.56,8,0
Alcoa Unsecured (Domestic),Q2 2008,Baa1,39629,1.91,3.05,2.76,13.31,2.21,9.72,87,40.88,34.67,24.05,16.65,44.15,30.63,21.21,8,0
Alcoa Unsecured (Domestic),Q3 2008,Baa1,39721,2.3,3.62,3.32,10.43,0.57,7.03,96,38.45,47.01,29.96,21.44,56.89,36.26,25.95,8,0
Alcoa Unsecured (Domestic),Q4 2008,Baa1,39813,2.95,5.09,4.72,0.57,-3.24,-1.72,125,30.88,59.37,34.16,22.5,73.81,42.46,27.97,8,0
Alcoa Unsecured (Domestic),Q1 2009,Baa3,39903,4.83,15.16,13.48,-3.07,-5.1,-5.55,114,33.54,60.97,36.22,24.67,68.32,40.59,27.65,10,-2
Alcoa Unsecured (Domestic),Q2 2009,Baa3,39994,14.71,-1000000,-1000000,-0.71,-3.07,-3.47,115,33.9,60.25,36.32,24.93,65.88,39.72,27.27,10,0
Alcoa Unsecured (Domestic),Q3 2009,Baa3,40086,118.51,-1000000,-1000000,3.64,0.41,0.79,120,34.59,55.91,34.49,23.8,62.11,38.31,26.44,10,0
Alcoa Unsecured (Domestic),Q4 2009,Baa3,40178,68.67,-1000000,-1000000,0.97,-1.65,-2.08,121,32.14,58.08,35.52,23.43,63.52,38.85,25.63,10,0
Alcoa Unsecured (Domestic),Q1 2010,Baa3,40268,9.61,-1000000,-1000000,3.47,1.33,0.43,118,33.34,56.31,34.85,23.59,61.56,38.1,25.79,10,0
Alcoa Unsecured (Domestic),Q2 2010,Baa3,40359,5.1,43.56,37.58,5.84,3.42,2.78,119,33.65,52.66,32.44,22.19,62.32,38.39,26.27,10,0
Alcoa Unsecured (Domestic),Q3 2010,Baa3,40451,4.65,25.02,22.76,4.32,2.34,1.74,139,34.66,53.58,34.46,23.43,55.48,35.68,24.26,10,0
Alcoa Unsecured (Domestic),Q4 2010,Baa3,40543,3.05,8.75,7.28,6.73,2.98,3.58,118,34.5,51.75,33.68,22.5,53.64,34.91,23.32,10,0
Alcoa Unsecured (Domestic),Q1 2011,Baa3,40633,2.77,5.87,5.31,8.55,5.36,5.3,111,36.49,46.19,30.69,21.08,50.5,33.55,23.04,10,0
Alcoa Unsecured (Domestic),Q2 2011,Baa3,40724,2.42,4.96,4.3,6.17,3.82,3.87,163,37.61,45.29,30.55,21.16,48.26,32.55,22.54,10,0
Alcoa Unsecured (Domestic),Q3 2011,Baa3,40816,2.24,4.48,3.84,6.5,3.3,3.49,125,37.54,47.36,31.38,21.86,50.93,33.74,23.51,10,0
Alcoa Unsecured (Domestic),Q4 2011,Baa3,40908,2.49,6.25,4.95,1.71,-1.86,-1.23,125,34.37,50.25,32.52,21.54,54.5,35.27,23.36,10,0
Alcoa Unsecured (Domestic),Q1 2012,Baa3,40999,3.02,8.42,6.91,4.99,2.36,1.99,123,34.61,48.89,31.49,21.17,55.28,35.6,23.94,10,0
Alcoa Unsecured (Domestic),Q2 2012,Baa3,41090,3.65,14.33,11.76,4.09,1.44,1.13,123,34.44,50.53,32.31,21.64,56.41,36.07,24.16,10,0
Alcoa Unsecured (Domestic),Q3 2012,Baa3,41182,5.02,66.14,56.19,2.26,-0.15,-0.69,124,33.63,49.54,31.66,20.78,56.51,36.11,23.7,10,0
Alcoa Unsecured (Domestic),Q4 2012,Baa3,41274,3.6,18.67,14.73,4.48,0.98,1.46,120,32.71,50.3,32.78,20.68,53.43,34.83,21.97,10,0
Alcoa Unsecured (Domestic),Q1 2013,Baa3,41364,3.68,16.23,13.4,5.94,3.2,2.8,115,33.33,46.17,30.14,19.31,53.21,34.73,22.25,10,0
Alcoa Unsecured (Domestic),Q2 2013,Ba1,41455,3.82,19.86,17,3.16,0.61,0.08,118,33.1,48.56,31.8,19.97,52.71,34.52,21.68,11,-1
Alcoa Unsecured (Domestic),Q3 2013,Ba1,41547,3.46,12.22,10.73,4.85,2.06,1.63,108,33.49,48.1,31.52,19.96,52.6,34.47,21.83,11,0
Alcoa Unsecured (Domestic),Q4 2013,Ba1,41639,202.41,-1000000,-1000000,-13.8,-14.47,-16.93,112,29.48,56.26,34.83,21.28,61.52,38.09,23.28,11,0
Alcoa Unsecured (Domestic),Q1 2014,Ba1,41729,-1000000,-1000000,-1000000,1.76,0.02,-1.08,120,31.84,52.94,34.4,21.37,53.9,35.02,21.76,11,0
Alcoa Unsecured (Domestic),Q2 2014,Ba1,41820,-1000000,-1000000,-1000000,6.35,3.41,3.02,105,32.01,51.76,33.44,20.96,54.77,35.39,22.18,11,0
Alcoa Unsecured (Domestic),Q3 2014,Ba1,41912,36.41,-1000000,-1000000,6.55,3.87,3.8,126,29.88,58.12,36.47,23.7,59.39,37.26,24.21,11,0
Alcoa Unsecured (Domestic),Q4 2014,Ba1,42004,2.92,8.7,6.86,5.62,1.58,2.87,122,29.44,59.27,37.08,23.47,59.84,37.44,23.69,11,0
Alcoa Unsecured (Domestic),Q1 2015,Ba1,42094,2.47,5.08,4.39,7.48,4.85,4.84,122,28.77,62.93,38.44,24.4,63.69,38.91,24.7,11,0
Alcoa Unsecured (Domestic),Q2 2015,Ba1,42185,2.37,4.81,4.1,5.85,3.33,3.27,124,30.09,59.52,37.19,23.81,60.04,37.52,24.02,11,0
Alcoa Unsecured (Domestic),Q3 2015,Ba1,42277,2.55,5.59,4.54,5.14,2.66,2.55,123,30.86,61.88,37.93,24.85,63.15,38.71,25.36,11,0
Alcoa Unsecured (Domestic),Q4 2015,Ba1,42369,3.22,9.59,7.57,-0.32,-3.07,-2.81,129,29.4,64,38.93,24.76,64.42,39.18,24.92,11,0
Alcoa Unsecured (Domestic),Q1 2016,Ba1,42460,4.2,16.19,13.72,4.02,1.86,1.59,127,30.22,57.5,35.24,22.85,63.15,38.71,25.09,11,0
Alcoa Unsecured (Domestic),Q2 2016,Ba1,42551,3.9,15.77,12.42,5.7,2.97,3.27,129,30.52,56.98,35.06,22.91,62.53,38.47,25.14,11,0
,,,,,,,,,,,,,,,,,,,
Frontier Communications Corp Senior Unsecured,Q4 1999,A2,36525,7.84,380.88,374.26,1.29,0.12,-1.26,27.8,33.26,98.84,49.34,36.51,100.3,50.07,37.05,6,0
Frontier Communications Corp Senior Unsecured,Q1 2000,A2,36616,6.46,54.06,52.99,3.69,-0.31,1.14,37.6,32.47,105.57,50.96,38.09,107.16,51.73,38.66,6,0
Frontier Communications Corp Senior Unsecured,Q2 2000,A2,36707,6.56,42.6,41.78,2.89,-0.49,0.81,41.8,30.95,121.6,54.48,41.66,123.22,55.2,42.22,6,0
Frontier Communications Corp Senior Unsecured,Q3 2000,A2,36799,6.32,35.8,32.58,2.79,0.41,0.86,49.6,28.8,142.69,57.82,45.57,146.8,59.48,46.88,6,0
Frontier Communications Corp Senior Unsecured,Q4 2000,Baa2,36891,5.78,20.05,19.62,2.6,0.03,0.73,58.5,24.73,159.39,59.29,44.03,168.81,62.8,46.63,9,3
Frontier Communications Corp Senior Unsecured,Q1 2001,Baa2,36981,5.13,14.89,14.73,3.24,1.38,1.52,61.5,25.4,154.36,58.53,43.77,163.74,62.08,46.43,9,0
Frontier Communications Corp Senior Unsecured,Q2 2001,Baa2,37072,9.02,25.28,25.07,2.39,0.97,0.83,73.1,18.59,262.39,70.45,53.65,272.42,73.15,55.7,9,0
Frontier Communications Corp Senior Unsecured,Q3 2001,Baa3,37164,7.28,22.18,21.51,2.15,1.07,0.58,123.5,19.12,264.41,71.17,55.69,271.54,73.08,57.19,10,1
Frontier Communications Corp Senior Unsecured,Q4 2001,Baa3,37256,6.34,21.29,20.52,2.28,0.79,0.48,121.3,18.44,257.75,67.78,52.45,280.28,73.7,57.03,10,0
Frontier Communications Corp Senior Unsecured,Q1 2002,Baa3,37346,4.91,19.62,16.39,2.38,1.81,0.92,122.1,19.88,243.88,66.91,53.29,264.5,72.56,57.79,10,0
Frontier Communications Corp Senior Unsecured,Q4 2002,Baa3,37621,4.03,11.82,10.93,2.69,1.68,1,113.3,14.39,440.1,80.73,63.32,445.13,81.66,64.04,10,0
Frontier Communications Corp Senior Unsecured,Q1 2003,Baa3,37711,3.67,9.91,8.99,2.77,2.33,1.5,109.3,15.94,317.15,74.72,58.34,324.47,76.44,59.69,10,0
Frontier Communications Corp Senior Unsecured,Q2 2003,Baa3,37802,3.7,9.17,8.44,2.76,2.13,1.37,108,17.03,350.87,76.5,59.75,358.67,78.2,61.08,10,0
Frontier Communications Corp Senior Unsecured,Q3 2003,Baa3,37894,3.35,8.16,7.1,2.8,2.06,1.33,103.1,17.8,328.56,75.51,58.47,335.11,77.02,59.63,10,0
Frontier Communications Corp Senior Unsecured,Q4 2003,Baa3,37986,3.15,7.41,6.4,2.86,1.99,1.3,99.2,18.41,259.56,71.11,54.57,265.01,72.6,55.71,10,0
Frontier Communications Corp Senior Unsecured,Q1 2004,Baa3,38077,3.26,7.99,6.82,2.88,2.31,1.41,97.8,19.18,299.65,74.89,57.47,300.13,75.01,57.56,10,0
Frontier Communications Corp Senior Unsecured,Q2 2004,Ba3,38168,3.24,8.27,6.88,2.77,1.97,1.29,97.7,19.65,291.61,74.38,57.3,292.04,74.49,57.39,13,3
Frontier Communications Corp Senior Unsecured,Q3 2004,Ba3,38260,3.67,8.01,7.64,3.18,2.44,1.63,90.9,19.77,312.55,75.68,61.8,313.01,75.79,61.9,13,0
Frontier Communications Corp Senior Unsecured,Q4 2004,Ba3,38352,3.64,7.69,7.39,3.1,1.65,1.56,92.7,20.43,313.23,75.71,63.99,313.7,75.83,64.08,13,0
Frontier Communications Corp Senior Unsecured,Q1 2005,Ba3,38442,3.53,7.57,7.06,3.33,2.74,1.73,83.7,20.04,320.53,76.13,64.23,321.01,76.25,64.32,13,0
Frontier Communications Corp Senior Unsecured,Q2 2005,Ba3,38533,3.43,7.34,6.7,3.27,2.56,1.69,84.1,19.91,308.81,73.15,61.48,322.16,76.31,64.14,13,0
Frontier Communications Corp Senior Unsecured,Q3 2005,Ba3,38625,3.6,7.46,6.95,2.99,2.38,1.61,85.2,17.84,347.94,74.39,62.07,367.71,78.62,65.6,13,0
Frontier Communications Corp Senior Unsecured,Q4 2005,Ba3,38717,3.57,7.17,6.72,3.51,2.36,1.93,85.7,16.21,383.48,75.89,62.16,405.34,80.21,65.7,13,0
Frontier Communications Corp Senior Unsecured,Q1 2006,Ba3,38807,3.53,6.98,6.51,3.27,2.76,1.84,85.4,15.67,399.99,76.49,62.66,422.9,80.88,66.25,13,0
Frontier Communications Corp Senior Unsecured,Q2 2006,Ba3,38898,3.43,6.36,6.13,3.39,2.75,1.99,85.3,15.04,427.37,80.25,64.29,432.52,81.22,65.06,13,0
Frontier Communications Corp Senior Unsecured,Q3 2006,Ba3,38990,3.11,6.11,5.47,3.38,2.59,1.96,82.2,15.82,401.48,79.45,63.51,405.32,80.21,64.12,13,0
Frontier Communications Corp Senior Unsecured,Q4 2006,Ba2,39082,3.09,6.98,5.37,3.29,2.03,1.88,83.5,15.58,421.61,80.26,65.68,425.32,80.96,66.26,12,-1
Frontier Communications Corp Senior Unsecured,Q1 2007,Ba2,39172,3.71,7.83,6.3,3.36,2.88,2.06,94,16,361.21,71.6,57.78,404.5,80.18,64.71,12,0
Frontier Communications Corp Senior Unsecured,Q2 2007,Ba2,39263,3.66,6.93,6.32,3.16,2.48,1.74,98.6,16.34,382.07,78.82,62.42,384.74,79.37,62.85,12,0
Frontier Communications Corp Senior Unsecured,Q3 2007,Ba2,39355,3.71,6.88,6.52,3.19,2.24,1.74,95.2,14.3,450.42,81.8,64.4,450.65,81.84,64.43,12,0
Frontier Communications Corp Senior Unsecured,Q4 2007,Ba2,39447,3.61,6.72,6.4,3.44,2.23,1.88,92.9,13.75,474.69,82.56,65.28,474.93,82.61,65.32,12,0
Frontier Communications Corp Senior Unsecured,Q1 2008,Ba2,39538,3.64,7.02,6.69,3.36,2.83,1.81,90.9,13.18,505.14,83.42,66.59,505.55,83.49,66.65,12,0
Frontier Communications Corp Senior Unsecured,Q2 2008,Ba2,39629,3.7,7.12,6.85,3.38,2.54,1.79,90.7,11.84,571.71,85.05,67.68,572.17,85.12,67.74,12,0
Frontier Communications Corp Senior Unsecured,Q3 2008,Ba2,39721,3.78,7.14,7,3.34,2.45,1.82,90.3,10.46,659.37,86.77,68.96,659.91,86.84,69.02,12,0
Frontier Communications Corp Senior Unsecured,Q4 2008,Ba2,39813,3.79,7.36,7.1,3.2,2.28,1.67,90.7,7.53,891.55,89.85,68.54,892.28,89.92,68.6,12,0
Frontier Communications Corp Senior Unsecured,Q1 2009,Ba2,39903,3.87,7.65,7.36,3.12,2.51,1.57,88.7,7.09,957.19,90.47,69.42,957.97,90.55,69.48,12,0
Frontier Communications Corp Senior Unsecured,Q2 2009,Ba2,39994,3.95,8.36,7.59,2.73,2.17,1.38,98.7,6.24,1103.4,91.57,70.46,1105.02,91.7,70.56,12,0
Frontier Communications Corp Senior Unsecured,Q3 2009,Ba2,40086,4.02,8.17,7.44,2.85,2.29,1.79,96.6,5.97,1142.25,91.83,69.98,1143.94,91.96,70.08,12,0
Frontier Communications Corp Senior Unsecured,Q4 2009,Ba2,40178,4.1,7.92,7.33,2.76,1.79,1.67,94.2,4.76,1413.91,93.26,69.7,1416.04,93.4,69.8,12,0
Frontier Communications Corp Senior Unsecured,Q1 2010,Ba2,40268,4.19,7.64,7.12,2.8,2.06,1.73,93.8,4.37,1559.17,93.84,70.6,1561.52,93.98,70.71,12,0
Frontier Communications Corp Senior Unsecured,Q2 2010,Ba2,40359,4.42,7.65,7.28,2.52,1.6,1.45,94,3.82,1767.31,94.51,70.61,1769.96,94.65,70.72,12,0
Frontier Communications Corp Senior Unsecured,Q3 2010,Ba2,40451,5.93,11.98,11.47,3.44,2.4,1.4,166.6,29.57,153.39,60.18,45.47,154.89,60.77,45.91,12,0
Frontier Communications Corp Senior Unsecured,Q4 2010,Ba2,40543,4.81,10.7,10.38,3.54,2.06,1.43,167.5,29.05,153.25,59.26,44.63,158.62,61.33,46.19,12,0
Frontier Communications Corp Senior Unsecured,Q1 2011,Ba2,40633,3.94,9.6,9.19,3.59,2.35,1.5,167.4,28.51,157.18,59.83,44.92,162.69,61.93,46.49,12,0
Frontier Communications Corp Senior Unsecured,Q2 2011,Ba2,40724,3.36,8.51,8.27,3.58,2.24,1.43,166.9,27.86,161.91,60.86,45.23,166.03,62.41,46.38,12,0
Frontier Communications Corp Senior Unsecured,Q3 2011,Ba2,40816,3.44,9.02,8.79,3.21,1.6,1.09,165.8,27.22,170.65,62.84,46.59,171.56,63.18,46.84,12,0
Frontier Communications Corp Senior Unsecured,Q4 2011,Ba2,40908,3.46,9.23,8.86,3.46,2.7,1.4,165.2,25.52,183.61,64.26,47,185.72,65,47.53,12,0
Frontier Communications Corp Senior Unsecured,Q1 2012,Ba2,40999,3.5,9.67,9.24,3.43,2.07,1.26,164.9,25.48,173.06,60.01,44.22,188.39,65.32,48.14,12,0
Frontier Communications Corp Senior Unsecured,Q2 2012,Ba2,41090,3.51,9.34,8.88,3.34,2.3,1.56,172.1,25.17,177.08,60.79,44.74,191.32,65.67,48.33,12,0
Frontier Communications Corp Senior Unsecured,Q3 2012,Ba2,41182,3.39,9.02,7.9,3.33,2.14,1.6,172.2,24.04,191.89,62.76,46.29,205.75,67.29,49.64,12,0
Frontier Communications Corp Senior Unsecured,Q4 2012,Ba2,41274,3.38,9.06,7.71,3.02,1.94,1.32,178.9,23.16,203.48,64.17,47.27,217.09,68.46,50.43,12,0
Frontier Communications Corp Senior Unsecured,Q1 2013,Ba2,41364,3.37,8.18,7.33,3.23,2.13,1.46,171.4,23.88,205.6,66.97,49.2,207.02,67.43,49.54,12,0
Frontier Communications Corp Senior Unsecured,Q2 2013,Ba2,41455,3.41,7.94,7.4,3.39,2.56,1.6,166.5,23.7,200.79,65.33,47.6,207.34,67.46,49.15,12,0
Frontier Communications Corp Senior Unsecured,Q3 2013,Ba2,41547,3.48,8.49,7.81,3,2.04,1.26,163.8,23.68,201.92,65.45,47.82,208.53,67.59,49.38,12,0
Frontier Communications Corp Senior Unsecured,Q4 2013,Ba2,41639,3.37,8.29,7.39,3.26,2.35,1.56,165.6,24.38,194.15,64.61,47.33,200.51,66.72,48.88,12,0
Frontier Communications Corp Senior Unsecured,Q1 2014,Ba2,41729,3.41,8.5,7.5,2.97,2.12,1.32,171,24.27,194.18,64.02,47.14,203.33,67.03,49.36,12,0
Frontier Communications Corp Senior Unsecured,Q2 2014,Ba2,41820,3.49,8.66,7.78,2.97,2.03,1.34,167.6,24.37,194.03,64.53,47.29,200.69,66.74,48.91,12,0
Frontier Communications Corp Senior Unsecured,Q3 2014,Ba2,41912,4.31,10.44,9.55,2.69,1.55,1.16,170.4,22.07,235.98,68.85,52.07,242.73,70.82,53.56,12,0
Frontier Communications Corp Senior Unsecured,Q4 2014,Ba3,42004,4.6,11.82,10.99,2.66,1.49,0.92,186.6,19.45,256.78,70.36,49.94,264.93,72.6,51.52,13,1
Frontier Communications Corp Senior Unsecured,Q1 2015,Ba3,42094,4.68,12.76,12.09,2.06,1.32,0.67,245,18.73,269.86,71.89,50.55,275.36,73.36,51.58,13,0
,,,,,,,,,,,,,,,,,,,
Apple Unsecured Domestic,Q1 2013,Aa1,41272,-2.31,0,-2.49,-1000000,-1000000,-1000000,0,64.94,0,0,0,0,0,0,2,0
Apple Unsecured Domestic,Q2 2013,Aa1,41363,-2.52,0,-2.77,-1000000,-1000000,-1000000,0,69.57,0,0,0,0,0,0,2,0
Apple Unsecured Domestic,Q3 2013,Aa1,41454,-2.32,0.34,-2.6,205.57,170,173.6,53,61.72,13.75,12.09,8.49,13.75,12.09,8.49,2,0
Apple Unsecured Domestic,Q4 2013,Aa1,41545,-2.33,0.35,-2.65,142.33,118.77,120.84,83,59.69,13.73,12.07,8.19,13.73,12.07,8.19,2,0
Apple Unsecured Domestic,Q1 2014,Aa1,41636,-2.51,0.34,-2.88,233.42,209.79,207.89,84,57.59,13.08,11.57,7.53,13.08,11.57,7.53,2,0
Apple Unsecured Domestic,Q2 2014,Aa1,41727,-2.31,0.34,-2.66,182.12,165.86,159.92,85,58.34,14.11,12.37,8.23,14.11,12.37,8.23,2,0
Apple Unsecured Domestic,Q3 2014,Aa1,41818,-2.26,0.6,-2.6,122.28,98.5,102.82,100,54.35,24,19.1,13.05,25.67,20.42,13.95,2,0
Apple Unsecured Domestic,Q4 2014,Aa1,41909,-1.98,0.67,-2.28,114.21,80.94,97.09,115,48.11,25.99,19.74,12.5,31.64,24.04,15.22,2,0
Apple Unsecured Domestic,Q1 2015,Aa1,42000,-2.09,0.61,-2.39,204.74,180.18,185.08,131,47.09,26.36,20.35,12.41,29.52,22.79,13.9,2,0
Apple Unsecured Domestic,Q2 2015,Aa1,42091,-2.05,0.69,-2.34,127.34,112.81,112.13,163,49.39,31.06,23.18,15.34,34.01,25.38,16.8,2,0
Apple Unsecured Domestic,Q3 2015,Aa1,42182,-1.91,0.8,-2.19,85.41,75.24,70.06,201,46.01,37.73,26.33,17.36,43.3,30.22,19.92,2,0
Apple Unsecured Domestic,Q4 2015,Aa1,42273,-1.71,0.9,-1.98,74.55,59.34,61.44,238,41.09,44.79,29.08,18.41,54.01,35.07,22.19,2,0
Apple Unsecured Domestic,Q1 2016,Aa1,42364,-1.85,0.88,-2.15,98.28,85.19,87.58,276,43.73,41.48,27.82,18.14,49.09,32.93,21.47,2,0
Apple Unsecured Domestic,Q2 2016,Aa1,42455,-1.95,1.19,-2.29,51.29,44.01,43.57,321,42.73,53.18,32.98,22.72,61.22,37.97,26.16,2,0
,,,,,,,,,,,,,,,,,,,
Tenet Healthcare Senior Unsecured (Domestic),Q4 2000,Ba1,36677,2.81,4.05,3.87,4.31,2.42,3.18,118,30.89,139.4,58.18,43.07,139.62,58.27,43.14,11,0
Tenet Healthcare Senior Unsecured (Domestic),Q1 2001,Ba1,36769,2.63,3.72,3.59,4.2,3.23,3.09,123,32.79,126.35,55.76,41.43,126.58,55.87,41.51,11,0
Tenet Healthcare Senior Unsecured (Domestic),Q2 2001,Ba1,36860,2.36,3.32,3.2,4.55,3.54,3.4,118,34.94,110.1,52.35,38.47,110.3,52.45,38.53,11,0
Tenet Healthcare Senior Unsecured (Domestic),Q3 2001,Ba1,36950,2.2,3.05,2.95,5.12,3.73,3.88,113,37.29,98.3,49.5,36.65,98.58,49.64,36.76,11,0
Tenet Healthcare Senior Unsecured (Domestic),Q4 2001,Baa3,37042,1.81,2.5,2.4,6,3.99,4.61,102,39.08,82.73,45.15,32.34,83.23,45.42,32.53,10,-1
Tenet Healthcare Senior Unsecured (Domestic),Q1 2002,Baa3,37134,1.79,2.46,2.36,6.45,4.3,4.92,97,39.5,82.55,45.08,32.61,83.12,45.39,32.83,10,0
Tenet Healthcare Senior Unsecured (Domestic),Q2 2002,Baa3,37225,1.68,2.28,2.19,7.88,5.49,6.13,86,39.49,81.51,44.74,32.19,82.17,45.11,32.45,10,0
Tenet Healthcare Senior Unsecured (Domestic),Q3 2002,Baa3,37315,1.57,2.11,2.03,9.61,7.37,7.56,75,40.07,78.46,43.93,31.44,78.63,44.02,31.5,10,0
Tenet Healthcare Senior Unsecured (Domestic),Q4 2002,Baa3,37407,1.39,1.83,1.77,11.19,6.75,9.01,69,40.68,69.75,40.67,28.37,71.51,41.69,29.09,10,0
Tenet Healthcare Senior Unsecured (Domestic),Q1 2003,Baa3,37711,1.36,1.79,1.69,9.14,6.63,7.77,71,41.97,70.09,41.03,29.41,70.8,41.45,29.71,10,0
Tenet Healthcare Senior Unsecured (Domestic),Q2 2003,Ba3,37802,1.5,2.07,1.9,4.64,1.93,3,73,40.92,72.79,42.03,29.79,73.21,42.27,29.96,13,3
Tenet Healthcare Senior Unsecured (Domestic),Q3 2003,Ba3,37894,1.97,2.86,2.64,1.85,-0.14,0.32,73,39.12,76.48,43.23,29.92,76.92,43.48,30.09,13,0
Tenet Healthcare Senior Unsecured (Domestic),Q4 2004,B3,38352,7.85,55.45,45.81,1.84,0.79,0.76,92,16.85,258.68,71.64,43.6,261.09,72.31,44,16,3
Tenet Healthcare Senior Unsecured (Domestic),Q1 2005,B3,38442,7.14,81.37,54.1,2.24,1.29,1.29,101,17.2,272.17,72.92,46.81,273.25,73.21,47,16,0
Tenet Healthcare Senior Unsecured (Domestic),Q2 2005,B3,38533,4.73,15.7,10.25,1.35,-0.5,0.73,102,17.11,272.59,72.94,46.63,273.73,73.24,46.83,16,0
Tenet Healthcare Senior Unsecured (Domestic),Q3 2005,B3,38625,5.16,17.15,11.64,0.97,0.23,0.06,101,13.68,350.92,77.57,47.99,352.38,77.89,48.19,16,0
Tenet Healthcare Senior Unsecured (Domestic),Q4 2005,B3,38717,5.85,18.98,13.54,1.23,-0.45,0.43,100,10.41,468.56,82.14,48.76,470.42,82.47,48.95,16,0
Tenet Healthcare Senior Unsecured (Domestic),Q1 2006,B3,38807,6.54,18.62,14.8,2.21,1.07,1.32,102,11.77,435.4,81.06,51.25,437.12,81.38,51.45,16,0
Tenet Healthcare Senior Unsecured (Domestic),Q2 2006,B3,38898,6.53,15.45,13.59,1.99,0.77,1.26,101,7.68,677.09,86.83,52.03,679.77,87.18,52.24,16,0
Tenet Healthcare Senior Unsecured (Domestic),Q3 2006,Caa1,38990,6.01,14.23,11.79,1.08,0.08,0.31,104,6.98,754.2,87.68,52.63,760.22,88.38,53.05,17,1
Tenet Healthcare Senior Unsecured (Domestic),Q4 2006,Caa1,39082,5.73,13.51,11.18,1.5,-1.61,0.59,102,3.09,1803.03,94.33,55.74,1811.36,94.77,56,17,0
Tenet Healthcare Senior Unsecured (Domestic),Q1 2007,Caa1,39172,6.31,14.77,12.85,1.85,0.9,1,105,2.02,2851.5,96.18,57.55,2864.67,96.63,57.81,17,0
Tenet Healthcare Senior Unsecured (Domestic),Q2 2007,Caa1,39263,6.66,17.86,15.19,1.45,0.08,0.68,105,1.81,3197.32,96.53,57.72,3212.08,96.98,57.99,17,0
Tenet Healthcare Senior Unsecured (Domestic),Q3 2007,Caa1,39355,6.16,15.09,12.91,1.55,0,0.76,105,1.23,4718.81,97.9,57.87,4719.8,97.93,57.89,17,0
Tenet Healthcare Senior Unsecured (Domestic),Q4 2007,Caa1,39447,6.21,14.59,12.78,1.58,-1.05,0.68,104,0.64,8835.19,98.86,56.84,8837.04,98.88,56.86,17,0
Tenet Healthcare Senior Unsecured (Domestic),Q1 2008,Caa1,39538,6.46,13.76,12.92,2.07,0.54,1.2,104,0.39,14915.63,99.29,58.39,14921.88,99.33,58.42,17,0
Tenet Healthcare Senior Unsecured (Domestic),Q2 2008,Caa1,39629,6.23,13.81,12.77,1.64,0.36,0.69,102,0.35,16465.52,99.35,57.93,16472.41,99.4,57.95,17,0
Tenet Healthcare Senior Unsecured (Domestic),Q3 2008,Caa1,39721,6.01,14.39,12.71,1.47,0.45,0.62,106,1.64,3512.5,97.19,57.6,3513.97,97.23,57.62,17,0
Tenet Healthcare Senior Unsecured (Domestic),Q4 2008,Caa1,39813,5.74,12.88,11.47,1.92,0.7,1.04,106,1.26,3250.34,96.98,58.45,3251.7,97.02,58.48,17,0
Tenet Healthcare Senior Unsecured (Domestic),Q1 2009,Caa1,39903,4.98,11,9.44,2.47,1.55,1.6,110,3.6,1372.49,93.17,57.33,1373.08,93.21,57.35,17,0
Tenet Healthcare Senior Unsecured (Domestic),Q2 2009,Caa2,39994,4.45,9.44,7.88,1.96,1.24,1.15,120,3.61,1388.59,93.24,58.32,1389.19,93.28,58.35,18,1
Tenet Healthcare Senior Unsecured (Domestic),Q3 2009,Caa2,40086,3.74,7.66,6.32,2.05,1.24,1.19,112,3.71,634.03,86.34,54.18,634.32,86.38,54.2,18,0
Tenet Healthcare Senior Unsecured (Domestic),Q4 2009,Caa2,40178,3.87,7.94,6.64,1.81,-0.06,0.88,103,3.92,612.91,85.94,53.72,613.2,85.98,53.74,18,0
Tenet Healthcare Senior Unsecured (Domestic),Q1 2010,Caa2,40268,3.89,7.59,6.54,2.72,1.95,1.84,109,5.18,539.95,84.34,54.65,540.2,84.38,54.68,18,0
Tenet Healthcare Senior Unsecured (Domestic),Q2 2010,B3,40359,3.63,7.17,5.97,2.5,1.79,1.6,107,5.59,517.19,83.76,54.53,517.43,83.8,54.56,16,-2
Tenet Healthcare Senior Unsecured (Domestic),Q3 2010,B3,40451,3.86,7.25,6.53,1.85,0.85,0.91,107,16.13,229.99,69.67,47.53,230.1,69.71,47.56,16,0
Tenet Healthcare Senior Unsecured (Domestic),Q4 2010,B3,40543,3.56,6.41,5.77,2.63,0.69,1.63,101,16.85,219.74,67.94,47.02,223.42,69.08,47.81,16,0
Tenet Healthcare Senior Unsecured (Domestic),Q1 2011,B3,40633,3.49,5.9,5.51,3.05,2.07,2.19,118,17.71,210.38,67.01,47.09,213.94,68.15,47.89,16,0
Tenet Healthcare Senior Unsecured (Domestic),Q2 2011,B3,40724,3.53,6,5.62,2.74,1.91,1.68,98,17.5,212.86,66.58,47.29,219.69,68.72,48.81,16,0
Tenet Healthcare Senior Unsecured (Domestic),Q3 2011,B3,40816,3.66,6.13,5.85,2.92,1.29,1.34,59,16.45,223.19,67.54,47.82,230.44,69.74,49.38,16,0
Tenet Healthcare Senior Unsecured (Domestic),Q4 2011,B3,40908,4.02,6.63,6.45,2.55,0.82,1.55,100,13.06,284.75,73.18,50.74,289.12,74.3,51.52,16,0
Tenet Healthcare Senior Unsecured (Domestic),Q1 2012,B3,40999,4.46,7.59,7.42,3.15,1.77,2.09,98,13.18,277.63,70.07,50.26,296.25,74.76,53.63,16,0
Tenet Healthcare Senior Unsecured (Domestic),Q2 2012,B3,41090,4.59,7.67,7.54,2.75,1.62,1.76,102,13.33,362.33,75.27,53.16,381.37,79.23,55.96,16,0
Tenet Healthcare Senior Unsecured (Domestic),Q3 2012,B3,41182,4.22,6.86,6.74,2.55,1.51,1.49,103,13.92,350.82,74.69,53.22,369.73,78.71,56.09,16,0
Tenet Healthcare Senior Unsecured (Domestic),Q4 2012,B3,41274,4.15,7.01,6.53,3,1.64,1.94,109,12.64,417.99,79.53,57.03,425.61,80.97,58.07,16,0
Tenet Healthcare Senior Unsecured (Domestic),Q1 2013,B3,41364,4.72,7.87,7.73,2.52,1.23,1.42,103,10.87,496.77,82.58,60.29,501.57,83.38,60.87,16,0
Tenet Healthcare Senior Unsecured (Domestic),Q2 2013,B3,41455,4.73,7.91,7.79,3.3,2.04,2.06,98,9.78,524.41,83.09,60.77,531.1,84.15,61.54,16,0
Tenet Healthcare Senior Unsecured (Domestic),Q3 2013,B3,41547,4.88,8.24,8.12,2.93,1.37,1.63,91,8.84,567.3,83.36,60.94,580.56,85.31,62.36,16,0
Tenet Healthcare Senior Unsecured (Domestic),Q4 2013,B3,41639,8.89,16.36,16.19,1.97,0.36,0.92,182,4.59,878.16,88.64,65.02,890.72,89.91,65.95,16,0
Tenet Healthcare Senior Unsecured (Domestic),Q1 2014,B3,41729,8.46,16.35,16.15,1.99,0.45,0.93,182,4.42,946.65,85.89,64.38,1002.14,90.93,68.15,16,0
Tenet Healthcare Senior Unsecured (Domestic),Q2 2014,B3,41820,7.95,16.71,16.12,2.19,0.92,1.09,190,4.28,951.48,86.06,64.72,1005.57,90.95,68.4,16,0
Tenet Healthcare Senior Unsecured (Domestic),Q3 2014,B3,41912,7.3,15.3,15.04,2.25,1.11,1.13,186,4.25,907.69,89.39,66.17,915.45,90.15,66.73,16,0
Tenet Healthcare Senior Unsecured (Domestic),Q4 2014,B3,42004,6.44,12.56,12.35,2.94,1.93,1.72,196,3.63,970.07,89.86,64.09,979.51,90.74,64.72,16,0
Tenet Healthcare Senior Unsecured (Domestic),Q1 2015,B3,42094,6.37,11.8,11.63,2.5,1.57,1.46,199,4.55,1002.03,87.49,64.17,1045.25,91.27,66.94,16,0
Tenet Healthcare Senior Unsecured (Domestic),Q2 2015,B3,42185,7.8,14.72,14.43,1.66,0.86,0.76,217,3.53,561.02,84.3,64.35,565.5,84.97,64.86,16,0
Tenet Healthcare Senior Unsecured (Domestic),Q3 2015,B3,42277,7.5,13.69,13.27,1.9,1.07,1.16,248,3.46,542.3,83.89,63.19,546.44,84.53,63.67,16,0
Tenet Healthcare Senior Unsecured (Domestic),Q4 2015,B3,42369,7.64,13.74,13.4,2.11,1,1.27,248,2.92,446.12,81.1,60.73,450.06,81.82,61.27,16,0
Tenet Healthcare Senior Unsecured (Domestic),Q1 2016,B3,42460,7.2,13.05,12.39,2.3,1.44,1.43,243,2.63,433.93,80.49,60.38,439.13,81.45,61.1,16,0
Tenet Healthcare Senior Unsecured (Domestic),Q2 2016,Caa1,42551,6.8,11.93,11.39,1.98,1.14,1.09,244,2.16,417.86,79.88,59.08,423.14,80.88,59.82,17,1
Tenet Healthcare Senior Unsecured (Domestic),Q3 2016,Caa1,42643,6.59,11.5,10.98,2.21,1.39,1.37,243,2.16,412.53,79.67,58.52,417.83,80.69,59.28,17,0
,,,,,,,,,,,,,,,,,,,
Deutsche Bank Unsecured Domestic,Q1 2007,Aa1,39172,-1000000,58.69,44.81,-1000000,-1000000,-1000000,-1000000,2.07,429.36,28.73,9.06,1394.51,93.31,29.42,2,0
Deutsche Bank Unsecured Domestic,Q2 2007,Aa1,39263,-1000000,58.84,45.78,-1000000,-1000000,-1000000,-1000000,1.87,465.73,29.6,8.89,1473.29,93.64,28.13,2,0
Deutsche Bank Unsecured Domestic,Q3 2007,Aa1,39355,-1000000,60.27,47.75,-1000000,-1000000,-1000000,-1000000,1.96,474.53,30.82,9.48,1439.55,93.5,28.76,2,0
Deutsche Bank Unsecured Domestic,Q4 2007,Aa1,39447,-1000000,44.03,32.31,-1000000,-1000000,-1000000,-1000000,1.83,345.88,32.2,6.59,974.27,90.69,18.55,2,0
Deutsche Bank Unsecured Domestic,Q1 2008,Aa1,39538,-1000000,79.88,55.35,-1000000,-1000000,-1000000,-1000000,1.48,369.77,29.77,5.81,1142.27,91.95,17.96,2,0
Deutsche Bank Unsecured Domestic,Q2 2008,Aa1,39629,-1000000,113.39,80.42,-1000000,-1000000,-1000000,-1000000,1.6,411.38,35.04,6.96,1073.87,91.48,18.16,2,0
Deutsche Bank Unsecured Domestic,Q2 2009,Aa1,39994,-1000000,-1000000,-1000000,-1000000,-1000000,-1000000,-1000000,1.98,408.16,42.92,8.35,851.07,89.49,17.41,2,0
Deutsche Bank Unsecured Domestic,Q3 2009,Aa1,40086,-1000000,-1000000,-1000000,-1000000,-1000000,-1000000,-1000000,2.08,408.16,44.31,8.77,821.07,89.14,17.64,2,0
Deutsche Bank Unsecured Domestic,Q4 2009,Aa1,40178,-1000000,58.49,37.7,-1000000,-1000000,-1000000,-1000000,2.44,325.17,36.44,8.23,792.27,88.79,20.05,2,0
Deutsche Bank Unsecured Domestic,Q1 2010,Aa3,40268,-1000000,57.83,35.53,-1000000,-1000000,-1000000,-1000000,2.34,384.29,41.36,9.24,829.24,89.24,19.95,4,-2
Deutsche Bank Unsecured Domestic,Q2 2010,Aa3,40359,-1000000,53.87,31.08,-1000000,-1000000,-1000000,-1000000,2.16,372.99,42.89,8.25,769.71,88.5,17.02,4,0
Deutsche Bank Unsecured Domestic,Q3 2010,Aa3,40451,-1000000,89.77,49.3,-1000000,-1000000,-1000000,-1000000,1.97,391.2,41.49,7.9,842.98,89.4,17.02,4,0
Deutsche Bank Unsecured Domestic,Q4 2010,Aa3,40543,-1000000,95.29,51.67,-1000000,-1000000,-1000000,-1000000,2.56,303.7,38.52,8.03,688.52,87.32,18.21,4,0
Deutsche Bank Unsecured Domestic,Q1 2011,Aa3,40633,-1000000,85.61,46.58,-1000000,-1000000,-1000000,-1000000,2.71,335.8,43.28,9.4,675.9,87.11,18.93,4,0
Deutsche Bank Unsecured Domestic,Q2 2011,Aa3,40724,-1000000,83.08,45.35,-1000000,-1000000,-1000000,-1000000,2.71,331.92,41.51,9.27,699.66,87.49,19.55,4,0
Deutsche Bank Unsecured Domestic,Q3 2011,Aa3,40816,-1000000,59.5,25.94,-1000000,-1000000,-1000000,-1000000,2.27,322.56,39.9,7.51,708.43,87.63,16.48,4,0
Deutsche Bank Unsecured Domestic,Q4 2011,Aa3,40908,-1000000,61.63,20.05,-1000000,-1000000,-1000000,-1000000,2.47,266.09,36.08,6.72,637.4,86.44,16.1,4,0
Deutsche Bank Unsecured Domestic,Q1 2012,Aa3,40999,-1000000,79.96,33.67,-1000000,-1000000,-1000000,-1000000,2.61,313.87,41.07,8.33,664.28,86.92,17.62,4,0
Deutsche Bank Unsecured Domestic,Q2 2012,A2,41090,-1000000,100.58,36.57,-1000000,-1000000,-1000000,-1000000,2.49,305.36,38.92,7.68,684.6,87.25,17.22,6,-2
Deutsche Bank Unsecured Domestic,Q3 2012,A2,41182,-1000000,94,32.33,-1000000,-1000000,-1000000,-1000000,2.6,295.85,39.93,7.77,640.89,86.5,16.83,6,0
Deutsche Bank Unsecured Domestic,Q4 2012,A2,41274,-1000000,511.19,190,-1000000,-1000000,-1000000,-1000000,2.67,238.75,33.46,6.4,613.55,85.99,16.46,6,0
Deutsche Bank Unsecured Domestic,Q1 2013,A2,41364,-1000000,340.25,122.89,-1000000,-1000000,-1000000,-1000000,2.75,286.07,40.72,7.89,602.5,85.77,16.62,6,0
Deutsche Bank Unsecured Domestic,Q2 2013,A2,41455,-1000000,413.55,177.47,-1000000,-1000000,-1000000,-1000000,3.01,268.63,41.23,8.12,551.55,84.65,16.67,6,0
Deutsche Bank Unsecured Domestic,Q3 2013,A2,41547,-1000000,-1000000,-1000000,-1000000,-1000000,-1000000,-1000000,3.16,270.83,42,8.6,544.82,84.49,17.3,6,0
Deutsche Bank Unsecured Domestic,Q4 2013,A2,41639,-1000000,254.15,122.26,-1000000,-1000000,-1000000,-1000000,3.4,206.75,34.31,7.05,502.61,83.41,17.14,6,0
Deutsche Bank Unsecured Domestic,Q1 2014,A2,41729,-1000000,1167.45,557.5,-1000000,-1000000,-1000000,-1000000,3.41,255.54,43.33,8.75,489.76,83.04,16.76,6,0
Deutsche Bank Unsecured Domestic,Q2 2014,A3,41820,-1000000,947.43,402.41,-1000000,-1000000,-1000000,-1000000,3.88,220.25,43.66,9.05,404.45,80.18,16.61,7,-1
Deutsche Bank Unsecured Domestic,Q3 2014,A3,41912,-1000000,528.42,224.53,-1000000,-1000000,-1000000,-1000000,3.88,223.55,46.37,9.17,382.14,79.26,15.67,7,0
Deutsche Bank Unsecured Domestic,Q4 2014,A3,42004,-1000000,101.45,50.52,-1000000,-1000000,-1000000,-1000000,4,177.09,39.7,7.59,346.08,77.58,14.83,7,0
Deutsche Bank Unsecured Domestic,Q1 2015,A3,42094,-1000000,123.95,57.19,-1000000,-1000000,-1000000,-1000000,3.73,212.36,46.38,8.46,357.85,78.16,14.26,7,0
Deutsche Bank Unsecured Domestic,Q2 2015,A3,42185,-1000000,103.94,45.71,-1000000,-1000000,-1000000,-1000000,4.18,220.78,49.61,9.87,345.03,77.53,15.42,7,0
Deutsche Bank Unsecured Domestic,Q3 2015,A3,42277,-1000000,-1000000,-1000000,-1000000,-1000000,-1000000,-1000000,3.72,244.08,50.39,9.78,384.35,79.35,15.4,7,0
Deutsche Bank Unsecured Domestic,Q4 2015,A3,42369,-1000000,-1000000,-1000000,-1000000,-1000000,-1000000,-1000000,3.85,208.37,42.95,8.65,385.1,79.39,15.99,7,0
Deutsche Bank Unsecured Domestic,Q1 2016,Baa1,42460,-1000000,-1000000,-1000000,-1000000,-1000000,-1000000,-1000000,3.54,236.64,47.2,9.05,401.35,80.05,15.34,8,-1
Deutsche Bank Unsecured Domestic,Q2 2016,Baa2,42551,-1000000,-1000000,-1000000,-1000000,-1000000,-1000000,-1000000,3.43,253.07,48.75,9.38,419.1,80.74,15.53,9,-1
,,,,,,,,,,,,,,,,,,,
Google Senior Unsecured,Q1 2011,Aa2,40633,-2.93,0.32,-3.35,-1000000,-1000000,-1000000,0,81.47,0,0,0,6.58,6.18,5.36,3,0
Google Senior Unsecured,Q2 2011,Aa2,40724,-2.91,0.39,-3.34,-1000000,-1000000,-1000000,0,80.16,5.74,5.31,4.6,8.08,7.48,6.48,3,0
Google Senior Unsecured,Q3 2011,Aa2,40816,-3.03,0.37,-3.5,169.05,136.67,145.62,21,79.36,5.45,5.06,4.32,7.67,7.12,6.08,3,0
Google Senior Unsecured,Q4 2011,Aa2,40908,-3.03,0.36,-3.51,108.38,82.68,94.78,37,80.12,5.14,4.79,4.11,7.23,6.74,5.79,3,0
Google Senior Unsecured,Q1 2012,Aa2,40999,-3.02,0.43,-3.49,195,164.65,169.45,20,80,4.84,4.45,3.87,8.84,8.12,7.07,3,0
Google Senior Unsecured,Q2 2012,Aa2,41090,-2.47,0.47,-2.88,177.59,142.41,147.14,22,75.21,4.62,4.21,3.47,9.59,8.75,7.21,3,0
Google Senior Unsecured,Q3 2012,Aa2,41182,-2.64,0.48,-3.15,169.9,128.38,130.48,21,75.81,4.39,4.03,3.33,9.12,8.36,6.92,3,0
Google Senior Unsecured,Q4 2012,Aa2,41274,-2.8,0.43,-3.45,207,158.43,161.62,21,76.46,4.17,3.87,3.19,7.72,7.17,5.9,3,0
Google Senior Unsecured,Q1 2013,Aa2,41364,-2.82,0.39,-3.54,221.29,164,178.48,21,78.06,3.96,3.71,3.09,6.81,6.37,5.31,3,0
Google Senior Unsecured,Q2 2013,Aa2,41455,-2.99,0.37,-3.82,236.58,151.79,182.37,19,77.93,2.52,2.37,1.97,6.33,5.95,4.93,3,0
Google Senior Unsecured,Q3 2013,Aa2,41547,-2.91,0.37,-3.7,249.21,128.74,197.95,19,78.99,2.7,2.54,2.13,6.32,5.95,4.99,3,0
Google Senior Unsecured,Q4 2013,Aa2,41639,-2.87,0.34,-3.6,248.41,145.91,201.32,22,78.71,2.56,2.42,2.02,6.01,5.67,4.73,3,0
Google Senior Unsecured,Q1 2014,Aa2,41729,-2.78,0.4,-3.5,216.71,119,171.46,24,78.7,3.53,3.3,2.78,6.81,6.37,5.36,3,0
Google Senior Unsecured,Q2 2014,Aa2,41820,-2.81,0.32,-3.52,197.67,99.67,157.7,27,78.74,3.38,3.2,2.66,5.48,5.2,4.32,3,0
Google Senior Unsecured,Q3 2014,Aa2,41912,-2.79,0.32,-3.59,210.84,114.16,148.96,25,78.56,3.27,3.1,2.57,5.3,5.03,4.17,3,0
Google Senior Unsecured,Q4 2014,Aa2,42004,-2.9,0.32,-3.77,226.64,84.6,175.96,25,80.4,3.11,2.96,2.5,5.04,4.8,4.05,3,0
Google Senior Unsecured,Q1 2015,Aa2,42094,-2.94,0.31,-3.82,216.31,103.73,171.04,26,81.3,2.97,2.84,2.42,4.83,4.6,3.92,3,0
Google Senior Unsecured,Q2 2015,Aa2,42185,-3.05,0.3,-3.96,233.04,136.31,185.58,26,80.53,1.99,1.9,1.6,4.68,4.47,3.77,3,0
Google Senior Unsecured,Q3 2015,Aa2,42277,-3.1,0.28,-3.94,229.08,137.81,181.08,26,80.57,1.72,1.64,1.38,4.5,4.31,3.63,3,0
Google Senior Unsecured,Q4 2015,Aa2,42369,-2.99,0.27,-3.77,260.92,180.15,206.92,26,81.6,1.66,1.59,1.35,4.34,4.16,3.54,3,0
Google Senior Unsecured,Q1 2016,Aa2,42460,-2.96,0.26,-3.73,223.77,142.83,178.07,30,82.52,1.61,1.54,1.33,4.21,4.04,3.48,3,0
Google Senior Unsecured,Q2 2016,Aa2,42551,-2.98,0.2,-3.74,233.06,166.72,186.5,32,82.88,1.55,1.5,1.29,3.29,3.18,2.72,3,0
,,,,,,,,,,,,,,,,,,,
Exxon Mobil Senior Unsecured (Domestic),Q4 2013,Aaa,41639,0.31,0.56,0.45,-1000000,-1000000,-1000000,-1000000,50.17,3.82,3.39,1.99,12.58,11.17,6.55,1,0
Exxon Mobil Senior Unsecured (Domestic),Q1 2014,Aaa,41729,0.28,0.54,0.4,219.27,108.24,155.76,66,49.97,6.64,5.95,3.44,11.68,10.46,6.05,1,0
Exxon Mobil Senior Unsecured (Domestic),Q2 2014,Aaa,41820,0.28,0.56,0.4,203.3,69.83,136.34,64,50.52,6.28,5.63,3.3,11.57,10.37,6.07,1,0
Exxon Mobil Senior Unsecured (Domestic),Q3 2014,Aaa,41912,0.3,0.57,0.44,158.36,65.2,108.8,88,51.19,6.18,5.54,3.29,11.65,10.43,6.19,1,0
Exxon Mobil Senior Unsecured (Domestic),Q4 2014,Aaa,42004,0.48,0.85,0.72,146.47,15.82,80.91,68,49.9,6.44,5.54,3.33,16.08,13.85,8.33,1,0
Exxon Mobil Senior Unsecured (Domestic),Q1 2015,Aaa,42094,0.61,1.18,1,92.76,14.99,43.9,88,49.93,10.99,9.27,5.68,18.47,15.59,9.56,1,0
Exxon Mobil Senior Unsecured (Domestic),Q2 2015,Aaa,42185,0.72,1.46,1.27,102.79,19.15,50.42,85,49.58,10.86,9.13,5.58,18.91,15.9,9.72,1,0
Exxon Mobil Senior Unsecured (Domestic),Q3 2015,Aaa,42277,0.84,1.93,1.69,111.59,29.53,53.36,78,50.12,11.22,9.4,5.82,19.4,16.25,10.07,1,0
Exxon Mobil Senior Unsecured (Domestic),Q4 2015,Aaa,42369,1.13,3,2.72,88.78,-13.48,9.53,60,50.72,11.27,9.25,5.92,21.88,17.95,11.49,1,0
Exxon Mobil Senior Unsecured (Domestic),Q1 2016,Aaa,42460,1.38,4.67,4.15,64.55,4.79,2.66,77,50.23,16.56,13.34,8.63,24.15,19.45,12.58,1,0
Exxon Mobil Senior Unsecured (Domestic),Q2 2016,Aaa,42551,1.61,7.32,6.6,79.44,22.49,15.16,75,49.81,16.68,13.33,8.61,25.14,20.09,12.99,1,0
,,,,,,,,,,,,,,,,,,,
Six Flags Senior Unsecured (Domestic),Q3 2014,B3,41912,3.37,5.5,4.85,12.41,11.65,10.94,18.5,12.69,172.67,63.14,50.59,173.45,63.43,50.81,16,0
Six Flags Senior Unsecured (Domestic),Q4 2014,B3,42004,3.95,6.19,5.86,-0.35,-1.04,-1.82,18.4,9.26,207.67,67.29,56.83,208.62,67.6,57.09,16,0
Six Flags Senior Unsecured (Domestic),Q1 2015,B3,42094,4.55,6.91,6.83,-3.24,-5.06,-4.67,18.7,5.02,246.9,68.16,55.96,262.26,72.4,59.43,16,0
Six Flags Senior Unsecured (Domestic),Q2 2015,B3,42185,4.22,6.99,6.28,8.55,6.64,7.2,19,5.02,257.32,71.76,56.29,258.59,72.11,56.57,16,0
Six Flags Senior Unsecured (Domestic),Q3 2015,B3,42277,3.2,5.01,4.32,16.36,15.26,14.99,19.3,5.93,246.29,70.87,55.77,247.5,71.22,56.04,16,0
Six Flags Senior Unsecured (Domestic),Q4 2015,B3,42369,3.1,4.35,4.06,1.9,0.71,0.41,19.3,1,325.7,76.22,61.69,327.33,76.6,62,16,0
Six Flags Senior Unsecured (Domestic),Q1 2016,B3,42460,3.18,4.12,4.06,-1.26,-3.44,-2.58,19.6,-3.06,412.93,77.2,62.55,434.86,81.3,65.87,16,0
Six Flags Senior Unsecured (Domestic),Q2 2016,B3,42551,3,4.24,3.82,8.4,6.51,7.11,20.2,-3.56,455.53,81.98,63.75,455.67,82,63.77,16,0
Six Flags Senior Unsecured (Domestic),Q3 2016,B3,42643,3.46,5.49,4.7,10.68,9.73,9.39,21.3,-0.69,378.7,79.09,62.38,378.83,79.12,62.4,16,0
Six Flags Senior Unsecured (Domestic),Q3 2011,B3,40816,2.6,11.41,7.83,15.6,15.02,13.09,16.7,32.69,68.1,39.97,33.51,70.4,41.31,34.64,16,0
Six Flags Senior Unsecured (Domestic),Q4 2011,B3,40908,2.51,7.96,6.04,0.41,-0.94,-2.15,16.3,28.83,76.35,42.59,34.81,79.27,44.22,36.15,16,0
Six Flags Senior Unsecured (Domestic),Q1 2012,B3,40999,2.8,6.37,5.91,-5.72,-8.86,-9.3,11.6,25.07,85.25,45.15,36.37,88.8,47.03,37.89,16,0
Six Flags Senior Unsecured (Domestic),Q2 2012,B3,41090,2.43,5.33,4.61,12.13,9.57,9.01,11.5,24.14,86.64,46.19,36.16,87.58,46.69,36.55,16,0
Six Flags Senior Unsecured (Domestic),Q3 2012,B3,41182,1.99,5.2,3.67,22.19,20.91,19.15,11.6,31.88,69.74,40.85,33.76,70.74,41.43,34.24,16,0
Six Flags Senior Unsecured (Domestic),Q4 2012,B3,41274,2.27,7.23,3.99,0.86,-0.67,-1.93,12.7,28.95,105.45,51.21,45.77,105.92,51.44,45.98,16,0
Six Flags Senior Unsecured (Domestic),Q1 2013,B3,41364,3.48,6.33,5.71,-2.41,-4.37,-4.29,18.7,15.82,162.09,61.68,52.66,162.82,61.95,52.9,16,0
Six Flags Senior Unsecured (Domestic),Q2 2013,B3,41455,3.23,5.96,5.11,7.94,6.03,6.28,18.7,14.53,161.69,61.62,50.34,162.42,61.89,50.57,16,0
Six Flags Senior Unsecured (Domestic),Q3 2013,B3,41547,3.07,5.43,4.65,14.7,13.81,13.06,18.8,14.73,162.07,61.67,50.8,162.8,61.95,51.03,16,0
Six Flags Senior Unsecured (Domestic),Q4 2013,B3,41639,3.02,5,4.4,1.5,0.83,-0.14,18.8,14.32,171.95,63.05,53.47,172.72,63.33,53.71,16,0
,,,,,,,,,,,,,,,,,,,
Microsoft Senior Unsecured (Domestic),Q1 2009,Aaa,39721,-0.76,0.09,-0.83,-1000000,-1000000,-1000000,-1000000,51.59,0,0,0,5.88,5.55,3.03,1,0
Microsoft Senior Unsecured (Domestic),Q2 2009,Aaa,39813,-0.77,0.09,-0.85,-1000000,-1000000,-1000000,-1000000,52.41,0,0,0,5.8,5.48,3.04,1,0
Microsoft Senior Unsecured (Domestic),Q3 2009,Aaa,39903,-0.95,0.09,-1.06,-1000000,-1000000,-1000000,-1000000,53.65,0,0,0,5.41,5.13,2.9,1,0
Microsoft Senior Unsecured (Domestic),Q4 2009,Aaa,39994,-1.12,0.28,-1.26,-1000000,-1000000,-1000000,-1000000,50.79,9.47,8.27,4.81,14.53,12.68,7.38,1,0
Microsoft Senior Unsecured (Domestic),Q1 2010,Aaa,40086,-1.43,0.32,-1.63,138.59,126.84,121.14,37,50.5,9.09,7.94,4.59,14.55,12.7,7.35,1,0
Microsoft Senior Unsecured (Domestic),Q2 2010,Aaa,40178,-1.25,0.28,-1.41,246.7,236.54,230.08,37,53.94,8.46,7.45,4.56,13.54,11.92,7.3,1,0
Microsoft Senior Unsecured (Domestic),Q3 2010,Aaa,40268,-1.36,0.27,-1.52,158.57,147.54,139.81,37,53.83,8.2,7.24,4.41,13.12,11.59,7.06,1,0
Microsoft Senior Unsecured (Domestic),Q4 2010,Aaa,40359,-1.15,0.25,-1.28,179.68,159.19,160.27,37,53.62,10.7,9.48,5.74,12.86,11.4,6.9,1,0
Microsoft Senior Unsecured (Domestic),Q1 2011,Aaa,40451,-1.14,0.4,-1.25,173.56,161.02,158.13,45,51.28,20.59,16.78,10.56,22.72,18.51,11.65,1,0
Microsoft Senior Unsecured (Domestic),Q2 2011,Aaa,40543,-1.08,0.37,-1.2,122.61,115.79,113.4,72,52.52,19.95,16.63,10.48,19.95,16.63,10.48,1,0
Microsoft Senior Unsecured (Domestic),Q3 2011,Aaa,40633,-1.29,0.44,-1.42,76.54,68.7,67.96,84,53.6,22.29,18.23,11.95,22.29,18.23,11.95,1,0
Microsoft Senior Unsecured (Domestic),Q4 2011,Aaa,40724,-1.37,0.44,-1.5,72.98,66.15,65.65,94,52.51,20.88,17.28,10.97,20.88,17.28,10.97,1,0
Microsoft Senior Unsecured (Domestic),Q1 2012,Aaa,40816,-1.51,0.44,-1.67,84.35,79.71,76.63,94,55.29,20.08,16.72,11.1,20.08,16.72,11.1,1,0
Microsoft Senior Unsecured (Domestic),Q2 2012,Aaa,40908,-1.33,0.44,-1.47,91.28,86.04,84.15,95,57.13,18.61,15.69,10.63,18.61,15.69,10.63,1,0
Microsoft Senior Unsecured (Domestic),Q3 2012,Aaa,40999,-1.56,0.43,-1.72,75.16,67.27,67.09,95,58.18,17.39,14.81,10.12,17.39,14.81,10.12,1,0
Microsoft Senior Unsecured (Domestic),Q4 2012,Aaa,41090,-2.07,0.55,-2.35,10.3,0.14,2,96,54.72,16.14,13.68,8.83,18,15.25,9.85,1,0
Microsoft Senior Unsecured (Domestic),Q1 2013,Aaa,41182,-2.4,0.6,-2.75,63.35,57,55.87,95,56.48,14.11,12.02,7.97,17.36,14.79,9.81,1,0
Microsoft Senior Unsecured (Domestic),Q2 2013,Aaa,41274,-2.36,0.72,-2.76,83.62,74.76,74.01,105,56.4,16.46,13.77,9.28,19.55,16.35,11.03,1,0
Microsoft Senior Unsecured (Domestic),Q3 2013,Aaa,41364,-2.47,0.68,-2.89,79.5,70.96,69.83,109,57.19,15.58,13.15,8.91,18.51,15.62,10.58,1,0
Microsoft Senior Unsecured (Domestic),Q4 2013,Aaa,41455,-2.01,0.58,-2.29,58.8,43.85,50.61,120,55.43,15.96,13.33,8.85,19.76,16.5,10.95,1,0
Microsoft Senior Unsecured (Domestic),Q1 2014,Aaa,41547,-2.04,0.57,-2.33,61.76,51.33,53.68,118,57.35,15.47,12.95,8.87,19.51,16.33,11.19,1,0
Microsoft Senior Unsecured (Domestic),Q2 2014,Aaa,41639,-1.89,0.82,-2.18,68.37,55.54,59.03,135,55.42,24.3,19.13,13.47,27,21.26,14.96,1,0
Microsoft Senior Unsecured (Domestic),Q3 2014,Aaa,41729,-2.13,0.76,-2.47,47.02,40.21,39.85,175,56,23.65,19.11,13.25,23.77,19.21,13.31,1,0
Microsoft Senior Unsecured (Domestic),Q4 2014,Aaa,41820,-1.91,0.82,-2.27,48.66,40.79,38.36,169,52.08,22.99,18.36,11.98,25.22,20.14,13.14,1,0
Microsoft Senior Unsecured (Domestic),Q1 2015,Aaa,41912,-1.99,0.87,-2.4,45.17,37.2,36.3,161,53.15,20.49,16.22,10.89,26.31,20.83,13.98,1,0
Microsoft Senior Unsecured (Domestic),Q2 2015,Aaa,42004,-1.9,1.02,-2.32,57.39,48.19,48,162,52.55,19.87,15.29,10.44,29.99,23.07,15.76,1,0
Microsoft Senior Unsecured (Domestic),Q3 2015,Aaa,42094,-1.93,1.19,-2.38,38.43,31.84,31.25,211,51.01,30.67,22.66,15.65,35.36,26.12,18.04,1,0
Microsoft Senior Unsecured (Domestic),Q4 2015,Aaa,42185,-2.54,1.94,-3.37,-2.27,-9.48,-8.31,247,45.9,34.72,24.1,15.94,44.07,30.59,20.23,1,0
Microsoft Senior Unsecured (Domestic),Q1 2016,Aaa,42277,-2.52,2.13,-3.36,29.13,23.69,23.27,249,44.79,35.92,23.98,16.09,49.8,33.24,22.31,1,0
Microsoft Senior Unsecured (Domestic),Q2 2016,Aaa,42369,-2.6,2.72,-3.56,24.5,17.95,19.5,309,42.63,52.98,33.56,22.59,57.87,36.65,24.67,1,0
,,,,,,,,,,,,,,,,,,,
Wells Fargo Senior Unsecured (Domestic),Q1 2012,Aa3,40999,7.25,3.59,-1000000,-1000000,-1000000,-1000000,-1000000,10,88.36,39.61,9.73,123.06,55.17,13.55,4,0
Wells Fargo Senior Unsecured (Domestic),Q2 2012,Aa3,41090,6.98,3.45,-1000000,-1000000,-1000000,-1000000,-1000000,10.21,83.64,37.82,9.35,121.13,54.78,13.55,4,0
Wells Fargo Senior Unsecured (Domestic),Q3 2012,Aa3,41182,6.69,2.39,-1000000,-1000000,-1000000,-1000000,-1000000,10.36,83.82,38.61,9.51,117.11,53.94,13.29,4,0
Wells Fargo Senior Unsecured (Domestic),Q4 2012,Aa3,41274,6.48,0.89,-1000000,-1000000,-1000000,-1000000,-1000000,10.17,80.16,37.09,8.95,116.14,53.73,12.97,4,0
Wells Fargo Senior Unsecured (Domestic),Q1 2013,Aa3,41364,6.34,0.91,-1000000,-1000000,-1000000,-1000000,-1000000,10.28,77.23,36.03,8.78,114.38,53.35,13.01,4,0
Wells Fargo Senior Unsecured (Domestic),Q2 2013,Aa3,41455,5.85,0.45,-1000000,-1000000,-1000000,-1000000,-1000000,10.3,75.33,35.85,8.56,110.12,52.41,12.52,4,0
Wells Fargo Senior Unsecured (Domestic),Q3 2013,Aa3,41547,6.48,0.13,-1000000,-1000000,-1000000,-1000000,-1000000,10.19,89.57,40.44,10.16,121.47,54.85,13.78,4,0
Wells Fargo Senior Unsecured (Domestic),Q4 2013,Aa3,41639,6.34,-0.82,-1000000,-1000000,-1000000,-1000000,-1000000,10.1,89.47,40.49,10.04,120.98,54.75,13.58,4,0
Wells Fargo Senior Unsecured (Domestic),Q1 2014,Aa3,41729,6.31,-0.96,-1000000,-1000000,-1000000,-1000000,-1000000,10.25,86.94,39.65,9.92,119.27,54.4,13.61,4,0
Wells Fargo Senior Unsecured (Domestic),Q2 2014,Aa3,41820,6.85,-0.88,-1000000,-1000000,-1000000,-1000000,-1000000,10.14,92.47,40.82,10.5,126.54,55.86,14.37,4,0
Wells Fargo Senior Unsecured (Domestic),Q3 2014,Aa3,41912,7.32,-0.96,-1000000,-1000000,-1000000,-1000000,-1000000,9.96,100.87,42.88,11.28,135.26,57.49,15.12,4,0
Wells Fargo Senior Unsecured (Domestic),Q4 2014,Aa3,42004,7.3,-0.9,-1000000,-1000000,-1000000,-1000000,-1000000,9.79,99.29,42.51,10.9,133.57,57.19,14.67,4,0
Wells Fargo Senior Unsecured (Domestic),Q1 2015,Aa3,42094,7.74,-1.49,-1000000,-1000000,-1000000,-1000000,-1000000,9.6,96.49,40.65,10.55,137.39,57.87,15.02,4,0
Wells Fargo Senior Unsecured (Domestic),Q2 2015,Aa2,42185,7.81,0.32,-1000000,-1000000,-1000000,-1000000,-1000000,9.78,94.27,39.65,10.45,137.78,57.94,15.27,3,1
Wells Fargo Senior Unsecured (Domestic),Q3 2015,Aa2,42277,8.09,0.03,-1000000,-1000000,-1000000,-1000000,-1000000,9.8,95.48,39.64,10.58,140.87,58.48,15.61,3,0
Wells Fargo Senior Unsecured (Domestic),Q4 2015,Aa2,42369,8.83,0.23,-1000000,-1000000,-1000000,-1000000,-1000000,9.55,102.91,40.64,11.16,153.21,60.51,16.62,3,0
Wells Fargo Senior Unsecured (Domestic),Q1 2016,Aa2,42460,10,0.48,-1000000,-1000000,-1000000,-1000000,-1000000,9.3,114.8,42.67,12.32,169.06,62.83,18.15,3,0
Wells Fargo Senior Unsecured (Domestic),Q2 2016,Aa2,42551,10.96,1.45,-1000000,-1000000,-1000000,-1000000,-1000000,9.29,120.36,43.03,12.91,179.7,64.25,19.28,3,0
,,,,,,,,,,,,,,,,,,,
McDonald's Senior Unsecured (Domestic),Q2 2010,A3,40359,1.05,1.46,1.23,19.95,15.92,17.07,108.1,45.79,78.37,43.32,35.89,80.92,44.73,37.06,7,0
McDonald's Senior Unsecured (Domestic),Q3 2010,A3,40451,1.03,1.54,1.2,20.99,15.97,18.26,114.8,43.76,83.28,45.29,36.44,83.86,45.61,36.69,7,0
McDonald's Senior Unsecured (Domestic),Q4 2010,A2,40543,1.04,1.54,1.22,18.73,11.38,15.87,117,45.77,78.56,43.98,35.96,78.62,44.01,35.98,6,1
McDonald's Senior Unsecured (Domestic),Q1 2011,A2,40633,1.13,1.58,1.32,18.03,13.11,15.2,120.1,45.05,72.81,39.72,32.81,83.31,45.45,37.53,6,0
McDonald's Senior Unsecured (Domestic),Q2 2011,A2,40724,1.1,1.54,1.28,20.85,15.11,17.97,121.8,45.54,73.98,40.62,33.69,82.14,45.1,37.41,6,0
McDonald's Senior Unsecured (Domestic),Q3 2011,A2,40816,1.05,1.52,1.23,22.2,15.36,19.31,124,41.32,82.38,42.48,34.04,93.94,48.44,38.82,6,0
McDonald's Senior Unsecured (Domestic),Q4 2011,A2,40908,1.02,1.47,1.19,19.6,11.92,16.71,126.9,43.62,84.32,45.12,36.78,86.87,46.49,37.89,6,0
McDonald's Senior Unsecured (Domestic),Q1 2012,A2,40999,1.04,1.47,1.21,18.07,12.83,15.24,128.9,43.98,82.23,43.93,36.17,87.17,46.57,38.34,6,0
McDonald's Senior Unsecured (Domestic),Q2 2012,A2,41090,1.1,1.57,1.28,19.39,13.22,16.58,130,42.11,90.63,46.07,38.16,96.71,49.16,40.72,6,0
McDonald's Senior Unsecured (Domestic),Q3 2012,A2,41182,1.11,1.56,1.3,20.76,13.78,17.85,128.1,41.05,91.85,46.97,37.7,95.53,48.86,39.21,6,0
McDonald's Senior Unsecured (Domestic),Q4 2012,A2,41274,1.12,1.58,1.31,19.94,11.51,16.96,129.6,43.22,89.14,47.13,38.52,89.14,47.13,38.52,6,0
McDonald's Senior Unsecured (Domestic),Q1 2013,A2,41364,1.08,1.49,1.27,18.27,12.63,15.22,128.1,44.63,84.04,45.66,37.5,84.04,45.66,37.5,6,0
McDonald's Senior Unsecured (Domestic),Q2 2013,A2,41455,1.09,1.55,1.28,19.94,14.44,16.93,129.8,44.03,88.13,46.85,38.81,88.13,46.85,38.81,6,0
McDonald's Senior Unsecured (Domestic),Q3 2013,A2,41547,1.06,1.54,1.25,21.54,15.29,18.52,130.5,42.66,88.94,47.07,37.94,88.94,47.07,37.94,6,0
McDonald's Senior Unsecured (Domestic),Q4 2013,A2,41639,1.09,1.61,1.29,19.54,12.07,16.48,133.5,43.71,88.26,46.88,38.58,88.26,46.88,38.58,6,0
McDonald's Senior Unsecured (Domestic),Q1 2014,A2,41729,1.08,1.59,1.28,17.32,12.8,14.29,135.5,44.4,85.62,45.97,38.01,86.25,46.31,38.29,6,0
McDonald's Senior Unsecured (Domestic),Q2 2014,A2,41820,1.13,1.77,1.35,18.87,14.2,15.87,137.9,42.76,92.18,47.15,39.42,95.52,48.85,40.84,6,0
McDonald's Senior Unsecured (Domestic),Q3 2014,A2,41912,1.18,1.8,1.42,16.65,11.93,13.88,149.3,37.83,106.54,50.48,40.3,111.04,52.62,42,6,0
McDonald's Senior Unsecured (Domestic),Q4 2014,A2,42004,1.34,1.88,1.62,14.61,9.2,11.85,147.8,37.55,116.2,53.75,43.64,116.2,53.75,43.64,6,0
McDonald's Senior Unsecured (Domestic),Q1 2015,A2,42094,1.4,1.93,1.71,12.03,9.2,9.41,147.3,35.46,125.33,55.62,44.45,125.33,55.62,44.45,6,0
McDonald's Senior Unsecured (Domestic),Q2 2015,A3,42185,1.61,2.54,1.97,15.02,12.06,12.39,149.2,30.22,169.51,62.9,51.22,169.51,62.9,51.22,7,-1
McDonald's Senior Unsecured (Domestic),Q3 2015,Baa1,42277,1.81,2.56,2.21,15.03,12.28,12.62,160.9,25.21,216.5,68.4,54.58,216.5,68.4,54.58,8,-1
McDonald's Senior Unsecured (Domestic),Q4 2015,Baa1,42369,1.89,3.38,2.3,12.55,9.16,10.39,180.9,18.68,340.33,77.29,63.58,340.33,77.29,63.58,8,0
McDonald's Senior Unsecured (Domestic),Q1 2016,Baa1,42460,2.2,3.1,2.66,9.91,8.06,8.16,218.3,11.43,604.52,85.81,69.1,604.52,85.81,69.1,8,0
McDonald's Senior Unsecured (Domestic),Q2 2016,Baa1,42551,2.52,3.45,3.03,10.01,8.36,8.3,223.9,1.93,4064.06,97.6,78.47,4064.06,97.6,78.47,8,0
,,,,,,,,,,,,,,,,,,,
Pacific Gas and Electric Senior Unsecured (Domestic),Q1 2005,Baa1,38442,1.52,2.41,2.03,13.65,10.83,10.13,89.8,53.75,55.71,35.01,29.94,59.15,37.17,31.79,8,0
Pacific Gas and Electric Senior Unsecured (Domestic),Q2 2005,Baa1,38533,1.43,2.35,1.92,14.99,10.74,11.51,88.3,53.23,54.06,33.88,28.78,59.59,37.34,31.72,8,0
Pacific Gas and Electric Senior Unsecured (Domestic),Q3 2005,Baa1,38625,1.16,2.18,1.56,16.97,12.48,13.39,86.6,52.13,50.63,32.55,26.4,55.56,35.72,28.97,8,0
Pacific Gas and Electric Senior Unsecured (Domestic),Q4 2005,Baa1,38717,1.12,2.54,1.47,13.39,7.37,9.92,91.4,50.51,59.01,35.34,29.8,66.95,40.1,33.81,8,0
Pacific Gas and Electric Senior Unsecured (Domestic),Q1 2006,Baa1,38807,1.15,2.43,1.5,12.74,9.6,9.75,102.3,51.24,57.42,34.73,29.42,65.35,39.52,33.48,8,0
Pacific Gas and Electric Senior Unsecured (Domestic),Q2 2006,Baa1,38898,1.14,2.26,1.48,14.95,10.92,11.73,97.7,52.53,53.4,33.21,28.05,60.79,37.81,31.93,8,0
Pacific Gas and Electric Senior Unsecured (Domestic),Q3 2006,Baa1,38990,0.87,2.11,1.13,15.74,11.43,12.69,102.9,50.36,55.19,34.67,27.8,59.18,37.18,29.8,8,0
Pacific Gas and Electric Senior Unsecured (Domestic),Q4 2006,Baa1,39082,1.07,1.82,1.36,15,8.48,11.81,99,53.35,54.27,35.15,28.96,54.39,35.23,29.02,8,0
Pacific Gas and Electric Senior Unsecured (Domestic),Q1 2007,Baa1,39172,1.05,1.83,1.33,15.38,10.95,12.18,97.2,53.5,52.01,33.36,27.82,55.9,35.86,29.9,8,0
Pacific Gas and Electric Senior Unsecured (Domestic),Q2 2007,Baa1,39263,0.95,1.61,1.19,17.02,12.66,14.04,101.8,52.03,52.27,33.9,27.2,54.18,35.14,28.19,8,0
Pacific Gas and Electric Senior Unsecured (Domestic),Q3 2007,Baa1,39355,0.72,1.45,0.89,19.15,14.94,16.11,97.9,50.44,51.35,33.84,25.9,51.76,34.11,26.11,8,0
Pacific Gas and Electric Senior Unsecured (Domestic),Q4 2007,A3,39447,1.08,1.68,1.32,14.67,7.95,12,113.2,51.99,47.84,29.74,24.87,60.87,37.84,31.65,7,1
Pacific Gas and Electric Senior Unsecured (Domestic),Q1 2008,A3,39538,1.25,2.01,1.51,13.76,10.46,11.39,128.5,46.61,72.45,39.94,33.77,81.41,44.87,37.95,7,0
Pacific Gas and Electric Senior Unsecured (Domestic),Q2 2008,A3,39629,1.2,1.83,1.44,13.46,10.03,11.31,146.3,47.91,71.4,40.65,34.2,75.64,43.07,36.24,7,0
Pacific Gas and Electric Senior Unsecured (Domestic),Q3 2008,A3,39721,1.11,1.57,1.33,16.22,11.53,13.86,131.6,46.39,75.55,43,35.05,75.69,43.08,35.11,7,0
Pacific Gas and Electric Senior Unsecured (Domestic),Q4 2008,A3,39813,1.07,1.58,1.26,15.36,9.12,12.97,116.2,47.02,76.11,43.16,35.79,76.35,43.3,35.9,7,0
Pacific Gas and Electric Senior Unsecured (Domestic),Q1 2009,A3,39903,1.12,1.63,1.32,13.92,10.32,11.58,120.9,45.61,82.16,45.07,37.47,82.31,45.15,37.54,7,0
Pacific Gas and Electric Senior Unsecured (Domestic),Q2 2009,A3,39994,1.16,1.72,1.38,16.65,12.73,14.09,119.3,45.35,79.22,43.28,35.93,83.06,45.37,37.66,7,0
Pacific Gas and Electric Senior Unsecured (Domestic),Q3 2009,A3,40086,1.15,1.7,1.36,19.06,14.62,16.41,117.8,43.86,80.81,43.91,35.44,84.02,45.66,36.85,7,0
Pacific Gas and Electric Senior Unsecured (Domestic),Q4 2009,A3,40178,1.09,1.55,1.28,18.61,12.72,15.85,115.2,46.43,75.25,42.91,34.94,75.38,42.98,35,7,0
Pacific Gas and Electric Senior Unsecured (Domestic),Q1 2010,A3,40268,1.02,1.48,1.19,17.95,14.04,15.08,111,47.33,74.26,42.58,35.15,74.38,42.66,35.21,7,0
Pacific Gas and Electric Senior Unsecured (Domestic),Q2 2010,A3,40359,1.05,1.46,1.23,19.95,15.92,17.07,108.1,45.79,78.37,43.32,35.89,80.92,44.73,37.06,7,0
Pacific Gas and Electric Senior Unsecured (Domestic),Q3 2010,A3,40451,1.03,1.54,1.2,20.99,15.97,18.26,114.8,43.76,83.28,45.29,36.44,83.86,45.61,36.69,7,0
Pacific Gas and Electric Senior Unsecured (Domestic),Q4 2010,A3,40543,1.04,1.54,1.22,18.73,11.38,15.87,117,45.77,78.56,43.98,35.96,78.62,44.01,35.98,7,0
Pacific Gas and Electric Senior Unsecured (Domestic),Q1 2011,A3,40633,1.13,1.58,1.32,18.03,13.11,15.2,120.1,45.05,72.81,39.72,32.81,83.31,45.45,37.53,7,0
Pacific Gas and Electric Senior Unsecured (Domestic),Q2 2011,A3,40724,1.1,1.54,1.28,20.85,15.11,17.97,121.8,45.54,73.98,40.62,33.69,82.14,45.1,37.41,7,0
Pacific Gas and Electric Senior Unsecured (Domestic),Q3 2011,A3,40816,1.05,1.52,1.23,22.2,15.36,19.31,124,41.32,82.38,42.48,34.04,93.94,48.44,38.82,7,0
Pacific Gas and Electric Senior Unsecured (Domestic),Q4 2011,A3,40908,1.02,1.47,1.19,19.6,11.92,16.71,126.9,43.62,84.32,45.12,36.78,86.87,46.49,37.89,7,0
Pacific Gas and Electric Senior Unsecured (Domestic),Q1 2012,A3,40999,1.04,1.47,1.21,18.07,12.83,15.24,128.9,43.98,82.23,43.93,36.17,87.17,46.57,38.34,7,0
Pacific Gas and Electric Senior Unsecured (Domestic),Q2 2012,A3,41090,1.1,1.57,1.28,19.39,13.22,16.58,130,42.11,90.63,46.07,38.16,96.71,49.16,40.72,7,0
Pacific Gas and Electric Senior Unsecured (Domestic),Q3 2012,A3,41182,1.11,1.56,1.3,20.76,13.78,17.85,128.1,41.05,91.85,46.97,37.7,95.53,48.86,39.21,7,0
Pacific Gas and Electric Senior Unsecured (Domestic),Q4 2012,A3,41274,1.12,1.58,1.31,19.94,11.51,16.96,129.6,43.22,89.14,47.13,38.52,89.14,47.13,38.52,7,0
Pacific Gas and Electric Senior Unsecured (Domestic),Q1 2013,A3,41364,1.08,1.49,1.27,18.27,12.63,15.22,128.1,44.63,84.04,45.66,37.5,84.04,45.66,37.5,7,0
Pacific Gas and Electric Senior Unsecured (Domestic),Q2 2013,A3,41455,1.09,1.55,1.28,19.94,14.44,16.93,129.8,44.03,88.13,46.85,38.81,88.13,46.85,38.81,7,0
Pacific Gas and Electric Senior Unsecured (Domestic),Q3 2013,A3,41547,1.06,1.54,1.25,21.54,15.29,18.52,130.5,42.66,88.94,47.07,37.94,88.94,47.07,37.94,7,0
Pacific Gas and Electric Senior Unsecured (Domestic),Q4 2013,A3,41639,1.09,1.61,1.29,19.54,12.07,16.48,133.5,43.71,88.26,46.88,38.58,88.26,46.88,38.58,7,0
Pacific Gas and Electric Senior Unsecured (Domestic),Q1 2014,A3,41729,1.08,1.59,1.28,17.32,12.8,14.29,135.5,44.4,85.62,45.97,38.01,86.25,46.31,38.29,7,0
Pacific Gas and Electric Senior Unsecured (Domestic),Q2 2014,A3,41820,1.13,1.77,1.35,18.87,14.2,15.87,137.9,42.76,92.18,47.15,39.42,95.52,48.85,40.84,7,0
Pacific Gas and Electric Senior Unsecured (Domestic),Q3 2014,A3,41912,1.18,1.8,1.42,16.65,11.93,13.88,149.3,37.83,106.54,50.48,40.3,111.04,52.62,42,7,0
Pacific Gas and Electric Senior Unsecured (Domestic),Q4 2014,A3,42004,1.34,1.88,1.62,14.61,9.2,11.85,147.8,37.55,116.2,53.75,43.64,116.2,53.75,43.64,7,0
Pacific Gas and Electric Senior Unsecured (Domestic),Q1 2015,A3,42094,1.4,1.93,1.71,12.03,9.2,9.41,147.3,35.46,125.33,55.62,44.45,125.33,55.62,44.45,7,0
Pacific Gas and Electric Senior Unsecured (Domestic),Q2 2015,A3,42185,1.61,2.54,1.97,15.02,12.06,12.39,149.2,30.22,169.51,62.9,51.22,169.51,62.9,51.22,7,0
Pacific Gas and Electric Senior Unsecured (Domestic),Q3 2015,A3,42277,1.81,2.56,2.21,15.03,12.28,12.62,160.9,25.21,216.5,68.4,54.58,216.5,68.4,54.58,7,0
Pacific Gas and Electric Senior Unsecured (Domestic),Q4 2015,A3,42369,1.89,3.38,2.3,12.55,9.16,10.39,180.9,18.68,340.33,77.29,63.58,340.33,77.29,63.58,7,0
Pacific Gas and Electric Senior Unsecured (Domestic),Q1 2016,A3,42460,2.2,3.1,2.66,9.91,8.06,8.16,218.3,11.43,604.52,85.81,69.1,604.52,85.81,69.1,7,0
Pacific Gas and Electric Senior Unsecured (Domestic),Q2 2016,A3,42551,2.52,3.45,3.03,10.01,8.36,8.3,223.9,1.93,4064.06,97.6,78.47,4064.06,97.6,78.47,7,0
,,,,,,,,,,,,,,,,,,,
Valeant Senior Unsecured (Foreign),Q1 2012,B1,40999,6.75,24.4,23.24,2.72,2.61,0.6,102,29.93,168.06,61.87,50.3,171.62,63.18,51.37,14,14
Valeant Senior Unsecured (Foreign),Q2 2012,B1,41090,6.78,29.61,28.06,3.07,2.93,0.86,100.6,26.36,199.06,65.41,52.47,204.34,67.14,53.86,14,0
Valeant Senior Unsecured (Foreign),Q3 2012,B1,41182,7,44.32,42.82,2.28,1.79,0.25,116,26.76,196.1,65.02,52.47,201.58,66.84,53.94,14,0
Valeant Senior Unsecured (Foreign),Q4 2012,B1,41274,9.46,138.24,126.6,1.32,1.16,-0.6,162.9,20.71,283.41,71.51,58.69,296.33,74.77,61.37,14,0
Valeant Senior Unsecured (Foreign),Q1 2013,B1,41364,8.18,78.54,75.47,2.95,2.86,0.75,155.3,20.51,287.91,72.71,59.06,295.99,74.75,60.72,14,0
Valeant Senior Unsecured (Foreign),Q2 2013,B1,41455,5.91,56.85,43.47,2.6,2.53,0.8,176.8,28.83,183.2,63.33,52.81,189.29,65.43,54.56,14,0
Valeant Senior Unsecured (Foreign),Q2 2014,B1,41820,7.6,396.67,384.51,3.16,2.69,1.47,241.2,18.85,317.83,75.17,61.15,322.8,76.35,62.11,14,0
Valeant Senior Unsecured (Foreign),Q3 2014,B1,41912,4.72,10.05,9.55,4.35,4.19,2.65,258.4,18.93,297.77,72.46,57.59,310.97,75.67,60.14,14,0
Valeant Senior Unsecured (Foreign),Q4 2014,B1,42004,3.99,7.61,7.45,4.87,4.51,2.69,224.9,20.07,281.91,73.81,57.89,281.93,73.82,57.89,14,0
Valeant Senior Unsecured (Foreign),Q1 2015,B1,42094,6.1,11.75,10.91,3.28,3.06,1.92,297.8,16.73,393.87,79.45,67.15,395.74,79.83,67.47,14,0
Valeant Senior Unsecured (Foreign),Q2 2015,B1,42185,7.17,14.03,13.59,2.37,2.25,0.83,412.7,13.31,461.85,80.9,62.66,470.86,82.48,63.88,14,0
Valeant Senior Unsecured (Foreign),Q3 2015,B1,42277,6.98,15.71,14.99,2.79,2.67,1.07,420.2,13.09,466.79,80.8,62.28,477.72,82.69,63.74,14,0
Valeant Senior Unsecured (Foreign),Q4 2015,B1,42369,7.24,19.65,19.27,2.5,2.33,0.51,432.5,12.07,501.93,81.54,61.81,515.58,83.76,63.49,14,0
Valeant Senior Unsecured (Foreign),Q1 2016,B2,42460,7.58,29.68,28.46,1.91,1.76,0.16,426.6,11.54,541.99,82.91,63.86,553.68,84.7,65.24,15,1
Valeant Senior Unsecured (Foreign),Q2 2016,B3,42551,7.4,38.05,37.01,2.15,2.01,0.17,472.5,11.11,569.55,84.38,64.57,574.99,85.18,65.18,16,1
,,,,,,,,,,,,,,,,,,,
Softbank Senior Unsecured,Q3 2006,Baa2,38717,4.47,48.03,27.5,6.41,3.5,3.5,6.7,12.53,216.51,59.85,38.36,261.73,72.36,46.37,9,0
Softbank Senior Unsecured,Q4 2006,Baa1,38807,3.19,14.53,7.3,8.11,6.2,5.29,6.5,13.42,193.4,53.27,36.8,263.08,72.46,50.06,8,-1
Softbank Senior Unsecured,Q1 2007,Baa1,38898,9.8,21.11,18.67,7.08,1.82,3.72,14.6,5.91,146.15,29.74,23.43,391.46,79.65,62.75,8,0
Softbank Senior Unsecured,Q2 2007,Baa1,38990,6.6,14.02,12.37,6.72,2.16,3.24,17.9,6.33,129.73,28.26,21.66,359.03,78.21,59.95,8,0
Softbank Senior Unsecured,Q3 2007,Baa1,39082,5,10.67,9.24,7.19,3.77,4.04,21,6.46,312.18,68.6,51.83,355.05,78.02,58.94,8,0
Softbank Senior Unsecured,Q4 2007,Baa1,39172,4.09,9.18,7.75,5.34,2.75,2.84,26,6.64,310.9,69.51,51.65,347.29,77.64,57.7,8,0
Softbank Senior Unsecured,Q1 2008,Baa1,39263,4.01,9.2,7.55,5.44,2,2.92,27,7.17,315.4,68.92,53.77,357.65,78.15,60.97,8,0
Softbank Senior Unsecured,Q2 2008,Baa1,39355,3.8,8.4,6.93,5.57,1.65,3.13,28.4,7.93,295.67,66.64,52.9,343.68,77.46,61.49,8,0
Softbank Senior Unsecured,Q3 2008,Baa1,39447,3.96,8.2,7.19,5.77,2.96,3.28,28.2,8.69,278.77,65.63,52.44,324.77,76.46,61.09,8,0
Softbank Senior Unsecured,Q4 2008,Baa1,39538,3.89,8.77,7.24,4.34,2.36,2.05,31.3,8.42,267.85,61.56,49.87,335.12,77.02,62.39,8,0
Softbank Senior Unsecured,Q1 2009,Baa1,39629,3.96,8.65,7.36,5.54,3.02,3,28.4,8.97,263.26,60.01,50.21,338.69,77.2,64.6,8,0
Softbank Senior Unsecured,Q2 2009,Baa1,39721,3.86,8.41,7.15,5.88,3.39,3.31,28.7,9.36,253.55,59.19,49.4,328.35,76.65,63.97,8,0
Softbank Senior Unsecured,Q3 2009,Baa1,39813,3.75,8.12,6.98,6.03,4.13,3.36,28.2,9.03,244.83,57.45,48.01,326.12,76.53,63.95,8,0
Softbank Senior Unsecured,Q4 2009,Baa1,39903,3.45,7.58,6.3,5.93,4.3,3.11,27.1,8.53,241.78,56.23,45.46,330.01,76.74,62.05,8,0
Softbank Senior Unsecured,Q1 2010,Baa1,39994,3.24,7.05,5.78,6.67,3.89,3.94,27.5,9.52,227.64,55.51,45.72,310.06,75.61,62.27,8,0
Softbank Senior Unsecured,Q2 2010,Baa1,40086,2.93,6.5,5.09,7.1,4.68,4.39,27.9,10.2,225.07,57.4,47.23,292.08,74.49,61.3,8,0
,,,,,,,,,,,,,,,,,,,
