Company/Bond,Net Debt/EBITDA,Total Debt/EBIT,Net Debt/EBIT,EBITDA to Interest Expense,EBITDA-CapEx/Interest Expense,EBIT to Interest Expense,Interest Expense,Common Equity/Total Assets,Long-Term Debt/Equity,Long-Term Debt/Capital,Long-Term Debt/Total Assets,Total Debt/Equity,Total Debt/Capital,Total Debt/Total Assets,Num Rating 1 Q Ahead,Market Cap,Industry_Number
0,1.42,2.92,2.19,17.38,10.11,10.95,183,24.91,68.96,29.68,17.4,132.32,56.96,33.39,1,103050.1282,0
0,1.37,2.96,2.13,22.93,7.89,15.63,194,24.01,69.12,29.3,16.81,135.88,57.61,33.04,1,100240.2712,0
0,1.64,3.2,2.57,20.05,11.82,13.13,161,23.76,78.54,31.42,18.92,149.98,60,36.13,1,107127.2943,0
0,1.67,3.21,2.55,19.24,9.42,13.56,160,23.06,81.78,32.35,19.12,152.81,60.44,35.72,1,118586.4807,0
0,1.22,2.38,1.89,25.02,9.89,17.67,171,23.16,68.86,28.9,16.14,138.24,58.03,32.41,1,192472.2947,0
0,1.34,2.36,2.06,22.11,16.66,14.03,152,23.28,73.24,30,17.27,144.17,59.04,34,1,209859.5841,0
0,1.67,2.76,2.45,44.58,31.37,32.46,84,22.82,87.93,34.87,20.32,152.15,60.34,35.17,1,192907.2367,0
0,1.71,2.75,2.46,21.74,15.96,15.38,183,23.01,95.54,38.18,22.27,150.26,60.04,35.02,1,197586.938,0
0,1.51,2.46,2.14,17.87,7.41,13.29,298,23.06,89.08,37.34,20.79,138.56,58.08,32.34,1,149846.4191,0
0,1.51,2.46,2.13,49.66,28.57,32.04,70,25.03,83.49,35.63,21.14,134.32,57.32,34.01,1,169028.3663,0
0,1.85,3.58,3.09,70.24,31.81,23.76,33,25.41,76.05,34.44,19.32,120.78,54.71,30.69,1,121991.2559,0
0,1.79,3.83,2.95,67.19,26.23,53.06,48,23.61,87.73,40.96,20.71,114.2,53.31,26.97,1,133483.4344,0
0,1.73,3.55,2.78,73.47,51.84,45.58,40,25.67,81.54,39.77,20.93,105.01,51.22,26.96,1,135527.04,0
0,1.4,2.71,2.05,85.07,53.76,56.39,41,27.41,71.4,37.63,19.57,89.73,47.29,24.6,1,142739.935,0
0,1.29,2.59,1.9,102.39,74.54,66.73,33,28.12,62.54,33.94,17.58,84.26,45.73,23.69,1,151964.9613,0
0,1.08,2.34,1.58,160.77,86.69,121.03,31,26.68,60.96,32.99,16.26,84.81,45.89,22.62,1,157047.0972,0
0,1.02,2.35,1.5,87.29,65.26,51.94,35,27.68,57.12,31.05,15.81,83.97,45.64,23.24,1,154784.3803,0
0,0.94,2.22,1.39,98.09,72.28,63.94,33,28.95,50.02,28.41,14.48,76.05,43.2,22.02,1,147667.9933,0
0,0.86,2.29,1.28,95.75,60.08,59.47,32,29.5,45.53,26.18,13.43,73.9,42.5,21.8,1,142731.3738,0
0,0.85,2.38,1.29,132.69,71.02,97.05,39,28.55,46.79,27.15,13.36,72.35,41.98,20.65,1,162222.5041,0
0,1.01,2.42,1.53,64.16,48.88,38,49,28.52,57.1,32.03,16.29,78.25,43.9,22.32,1,147425.2274,0
0,0.72,1.92,1.04,53.1,40.24,35.78,72,32.45,41.35,25.07,13.42,64.92,39.36,21.07,1,116907.6724,0
0,0.67,1.91,0.97,57.93,42.67,40.39,70,32.88,39.23,23.89,12.9,64.21,39.1,21.11,1,123430.4701,0
0,0.71,1.9,1.01,82.8,60.14,64.23,70,27.61,48.34,26.92,13.35,79.57,44.31,21.97,1,146354.7858,0
0,0.77,1.97,1.08,48.05,31.99,31.07,73,27.37,51.37,27.6,14.06,86.11,46.27,23.56,1,139959.8189,0
0,1.41,2.81,1.98,31.21,24.39,21.33,130,16.34,84.63,27.54,13.83,207.23,67.45,33.86,1,143182.7927,0
0,1.21,2.79,1.7,23.05,17.25,16.1,193,18.92,91.38,33.61,17.29,171.9,63.22,32.52,1,162323.1294,0
0,0.98,2.13,1.32,35.92,28.96,29.03,192,12.3,168.49,47.88,20.72,251.93,71.59,30.97,1,112698.3129,0
0,0.89,1.98,1.19,28.79,23.86,19.76,136,13.34,154.14,47.25,20.7,226.22,69.35,30.39,1,128030.1866,0
0,0.79,1.83,1.05,52.23,43.94,39.93,101,14.84,134.87,46.53,20.13,189.83,65.5,28.34,1,136882.4631,0
0,0.65,1.55,0.85,64.6,52.98,49.62,84,17.74,111.3,46.82,19.85,137.72,57.93,24.57,1,157120.0472,0
0,0.55,1.53,0.71,91.23,74.86,75.62,81,20.76,96.38,44.89,20.12,114.7,53.42,23.94,1,170868.6687,0
0,0.56,1.54,0.72,48.78,39.54,34.02,82,20.94,96.19,43.96,20.25,118.83,54.3,25.02,0,164461.0865,0
0,0.74,1.54,0.93,61.78,49.34,49.34,97,20.38,94.42,41.36,19.31,128.27,56.19,26.24,0,204878.4278,0
0,0.76,1.52,0.95,57.52,47.74,46.38,107,20.24,107.65,45.85,21.87,134.78,57.41,27.38,0,206104.959,0
0,0.77,1.54,0.96,73.27,62.88,62.75,113,17.3,112.96,44.34,19.63,154.78,60.75,26.9,0,213886.0099,0
0,0.78,1.57,0.96,43.53,32.36,33.01,110,17.95,123.95,48.75,22.33,154.23,60.67,27.79,0,240674.5188,0
0,0.84,1.58,1.03,51.56,39.63,41.51,117,17.98,120.44,46.73,21.76,157.73,61.2,28.49,0,223503.8551,0
0,0.87,1.69,1.08,44.2,35.98,34.6,124,18.61,112.3,43.97,21.02,155.38,60.84,29.08,0,234404.488,0
0,1.21,2.08,1.5,71.79,4.49,61.04,113,18.06,143.29,52.45,26.03,173.22,63.4,31.47,0,197772.1081,0
0,1.48,2.37,1.85,39,25.76,28.13,105,13.54,207.1,57.09,28.27,262.72,72.43,35.86,0,194835.1888,0
0,1.5,2.35,1.86,46,38.47,37.43,136,13.98,194.19,53.15,27.36,265.35,72.63,37.38,0,180833.531,0
0,1.52,2.38,1.88,42.68,34.46,33.64,126,11.99,227.99,54.62,27.6,317.43,76.04,38.43,0,187867.2472,0
0,1.45,2.29,1.81,56.02,47.52,47.08,117,10.12,291.25,66.35,29.84,338.95,77.22,34.72,0,158919.6319,0
0,1.37,2.2,1.7,34.81,26.39,25.85,108,10.84,279.05,67.09,30.61,315.92,75.96,34.66,0,158049.8178,0
0,1.45,2.35,1.82,42.37,34.54,34.01,115,12.14,240.94,63.5,29.57,279.45,73.65,34.3,0,159330.3218,0
0,1.54,2.54,1.93,37.21,28.86,29.21,117,12.24,238.81,60.48,29.56,294.85,74.67,36.5,0,140636.865,0
0,1.68,2.66,2.11,45.92,38.82,38.19,128,12.91,231.75,61.55,30.25,276.55,73.44,36.1,0,132903.5871,0
0,1.77,3.39,2.28,15.24,8.68,8.27,147,12.56,267.08,66.39,33.87,302.26,75.14,38.33,0,145386.2225,0
3,-2.32,0.34,-2.6,205.57,170,173.6,53,61.72,13.75,12.09,8.49,13.75,12.09,8.49,0,434095.0757,1
3,-2.33,0.35,-2.65,142.33,118.77,120.84,83,59.69,13.73,12.07,8.19,13.73,12.07,8.19,0,499850.6402,1
3,-2.51,0.34,-2.88,233.42,209.79,207.89,84,57.59,13.08,11.57,7.53,13.08,11.57,7.53,0,462636.4207,1
3,-2.31,0.34,-2.66,182.12,165.86,159.92,85,58.34,14.11,12.37,8.23,14.11,12.37,8.23,0,550883.9486,1
3,-2.26,0.6,-2.6,122.28,98.5,102.82,100,54.35,24,19.1,13.05,25.67,20.42,13.95,0,591015.7207,1
3,-1.98,0.67,-2.28,114.21,80.94,97.09,115,48.11,25.99,19.74,12.5,31.64,24.04,15.22,0,664153.5018,1
3,-2.09,0.61,-2.39,204.74,180.18,185.08,131,47.09,26.36,20.35,12.41,29.52,22.79,13.9,0,710200.7635,1
3,-2.05,0.69,-2.34,127.34,112.81,112.13,163,49.39,31.06,23.18,15.34,34.01,25.38,16.8,0,723159.45,1
3,-1.91,0.8,-2.19,85.41,75.24,70.06,201,46.01,37.73,26.33,17.36,43.3,30.22,19.92,0,639938.7566,1
3,-1.71,0.9,-1.98,74.55,59.34,61.44,238,41.09,44.79,29.08,18.41,54.01,35.07,22.19,0,598970.9306,1
3,-1.85,0.88,-2.15,98.28,85.19,87.58,276,43.73,41.48,27.82,18.14,49.09,32.93,21.47,0,578907.3888,1
3,-1.95,1.19,-2.29,51.29,44.01,43.57,321,42.73,53.18,32.98,22.72,61.22,37.97,26.16,0,503721.611,1
5,-3.03,0.37,-3.5,169.05,136.67,145.62,21,79.36,5.45,5.06,4.32,7.67,7.12,6.08,0,165482.867,0
5,-3.03,0.36,-3.51,108.38,82.68,94.78,37,80.12,5.14,4.79,4.11,7.23,6.74,5.79,0,209849.6805,0
5,-3.02,0.43,-3.49,195,164.65,169.45,20,80,4.84,4.45,3.87,8.84,8.12,7.07,0,208983.9634,0
5,-2.47,0.47,-2.88,177.59,142.41,147.14,22,75.21,4.62,4.21,3.47,9.59,8.75,7.21,0,188461.8427,0
5,-2.64,0.48,-3.15,169.9,128.38,130.48,21,75.81,4.39,4.03,3.33,9.12,8.36,6.92,0,247892.484,0
5,-2.8,0.43,-3.45,207,158.43,161.62,21,76.46,4.17,3.87,3.19,7.72,7.17,5.9,0,233420.545,0
5,-2.82,0.39,-3.54,221.29,164,178.48,21,78.06,3.96,3.71,3.09,6.81,6.37,5.31,0,262065.3621,0
5,-2.99,0.37,-3.82,236.58,151.79,182.37,19,77.93,2.52,2.37,1.97,6.33,5.95,4.93,0,293281.1796,0
5,-2.91,0.37,-3.7,249.21,128.74,197.95,19,78.99,2.7,2.54,2.13,6.32,5.95,4.99,0,292691.4579,0
5,-2.87,0.34,-3.6,248.41,145.91,201.32,22,78.71,2.56,2.42,2.02,6.01,5.67,4.73,0,376371.4048,0
5,-2.78,0.4,-3.5,216.71,119,171.46,24,78.7,3.53,3.3,2.78,6.81,6.37,5.36,0,375847.3218,0
5,-2.81,0.32,-3.52,197.67,99.67,157.7,27,78.74,3.38,3.2,2.66,5.48,5.2,4.32,0,391750.0087,0
5,-2.79,0.32,-3.59,210.84,114.16,148.96,25,78.56,3.27,3.1,2.57,5.3,5.03,4.17,0,395055.7935,0
5,-2.9,0.32,-3.77,226.64,84.6,175.96,25,80.4,3.11,2.96,2.5,5.04,4.8,4.05,0,359376.6225,0
5,-2.94,0.31,-3.82,216.31,103.73,171.04,26,81.3,2.97,2.84,2.42,4.83,4.6,3.92,0,376023.5777,0
5,-3.05,0.3,-3.96,233.04,136.31,185.58,26,80.53,1.99,1.9,1.6,4.68,4.47,3.77,0,362970.1803,0
5,-3.1,0.28,-3.94,229.08,137.81,181.08,26,80.57,1.72,1.64,1.38,4.5,4.31,3.63,0,427891.6121,0
5,-2.99,0.27,-3.77,260.92,180.15,206.92,26,81.6,1.66,1.59,1.35,4.34,4.16,3.54,0,527687.3689,0
5,-2.96,0.26,-3.73,223.77,142.83,178.07,30,82.52,1.61,1.54,1.33,4.21,4.04,3.48,0,517738.0267,0
6,0.28,0.54,0.4,219.27,108.24,155.76,66,49.97,6.64,5.95,3.44,11.68,10.46,6.05,0,419437.92,7
6,0.28,0.56,0.4,203.3,69.83,136.34,64,50.52,6.28,5.63,3.3,11.57,10.37,6.07,0,429400.2,7
6,0.3,0.57,0.44,158.36,65.2,108.8,88,51.19,6.18,5.54,3.29,11.65,10.43,6.19,0,398301.75,7
6,0.48,0.85,0.72,146.47,15.82,80.91,68,49.9,6.44,5.54,3.33,16.08,13.85,8.33,0,388382.45,7
6,0.61,1.18,1,92.76,14.99,43.9,88,49.93,10.99,9.27,5.68,18.47,15.59,9.56,0,355385,7
6,0.72,1.46,1.27,102.79,19.15,50.42,85,49.58,10.86,9.13,5.58,18.91,15.9,9.72,0,346860.8,7
6,0.84,1.93,1.69,111.59,29.53,53.36,78,50.12,11.22,9.4,5.82,19.4,16.25,10.07,0,309519.05,7
6,1.13,3,2.72,88.78,-13.48,9.53,60,50.72,11.27,9.25,5.92,21.88,17.95,11.49,0,323960.2,7
6,1.38,4.67,4.15,64.55,4.79,2.66,77,50.23,16.56,13.34,8.63,24.15,19.45,12.58,0,346647.73,7
6,1.61,7.32,6.6,79.44,22.49,15.16,75,49.81,16.68,13.33,8.61,25.14,20.09,12.99,0,388739.78,7
9,-1.43,0.32,-1.63,138.59,126.84,121.14,37,50.5,9.09,7.94,4.59,14.55,12.7,7.35,0,256617.075,0
9,-1.25,0.28,-1.41,246.7,236.54,230.08,37,53.94,8.46,7.45,4.56,13.54,11.92,7.3,0,199450.68,0
9,-1.36,0.27,-1.52,158.57,147.54,139.81,37,53.83,8.2,7.24,4.41,13.12,11.59,7.06,0,209683.38,0
9,-1.15,0.25,-1.28,179.68,159.19,160.27,37,53.62,10.7,9.48,5.74,12.86,11.4,6.9,0,234527.73,0
9,-1.14,0.4,-1.25,173.56,161.02,158.13,45,51.28,20.59,16.78,10.56,22.72,18.51,11.65,0,214063.09,0
9,-1.08,0.37,-1.2,122.61,115.79,113.4,72,52.52,19.95,16.63,10.48,19.95,16.63,10.48,0,217776,0
9,-1.29,0.44,-1.42,76.54,68.7,67.96,84,53.6,22.29,18.23,11.95,22.29,18.23,11.95,0,209324.9,0
9,-1.37,0.44,-1.5,72.98,66.15,65.65,94,52.51,20.88,17.28,10.97,20.88,17.28,10.97,0,217596.72,0
9,-1.51,0.44,-1.67,84.35,79.71,76.63,94,55.29,20.08,16.72,11.1,20.08,16.72,11.1,0,270942,0
9,-1.33,0.44,-1.47,91.28,86.04,84.15,95,57.13,18.61,15.69,10.63,18.61,15.69,10.63,0,256374.79,0
9,-1.56,0.43,-1.72,75.16,67.27,67.09,95,58.18,17.39,14.81,10.12,17.39,14.81,10.12,0,250638.72,0
9,-2.07,0.55,-2.35,10.3,0.14,2,96,54.72,16.14,13.68,8.83,18,15.25,9.85,0,223666.9441,0
9,-2.4,0.6,-2.75,63.35,57,55.87,95,56.48,14.11,12.02,7.97,17.36,14.79,9.81,0,238823.145,0
9,-2.36,0.72,-2.76,83.62,74.76,74.01,105,56.4,16.46,13.77,9.28,19.55,16.35,11.03,0,287690.76,0
9,-2.47,0.68,-2.89,79.5,70.96,69.83,109,57.19,15.58,13.15,8.91,18.51,15.62,10.58,0,277754.88,0
9,-2.01,0.58,-2.29,58.8,43.85,50.61,120,55.43,15.96,13.33,8.85,19.76,16.5,10.95,0,310503,0
9,-2.04,0.57,-2.33,61.76,51.33,53.68,118,57.35,15.47,12.95,8.87,19.51,16.33,11.19,0,338577.4,0
9,-1.89,0.82,-2.18,68.37,55.54,59.03,135,55.42,24.3,19.13,13.47,27,21.26,14.96,0,343566.3,0
9,-2.13,0.76,-2.47,47.02,40.21,39.85,175,56,23.65,19.11,13.25,23.77,19.21,13.31,0,382701.8,0
9,-1.91,0.82,-2.27,48.66,40.79,38.36,169,52.08,22.99,18.36,11.98,25.22,20.14,13.14,0,381726.1,0
9,-1.99,0.87,-2.4,45.17,37.2,36.3,161,53.15,20.49,16.22,10.89,26.31,20.83,13.98,0,329834.015,0
9,-1.9,1.02,-2.32,57.39,48.19,48,162,52.55,19.87,15.29,10.44,29.99,23.07,15.76,0,354392.05,0
9,-1.93,1.19,-2.38,38.43,31.84,31.25,211,51.01,30.67,22.66,15.65,35.36,26.12,18.04,0,353460.36,0
9,-2.54,1.94,-3.37,-2.27,-9.48,-8.31,247,45.9,34.72,24.1,15.94,44.07,30.59,20.23,0,439679,0
9,-2.52,2.13,-3.36,29.13,23.69,23.27,249,44.79,35.92,23.98,16.09,49.8,33.24,22.31,0,434660.1,0
11,1.02,1.47,1.19,19.6,11.92,16.71,126.9,43.62,84.32,45.12,36.78,86.87,46.49,37.89,1,102477.062,4
11,1.89,3.38,2.3,12.55,9.16,10.39,180.9,18.68,340.33,77.29,63.58,340.33,77.29,63.58,2,107129.352,4
11,2.2,3.1,2.66,9.91,8.06,8.16,218.3,11.43,604.52,85.81,69.1,604.52,85.81,69.1,2,110321.904,4
14,0.02,0.83,0.02,21.75,16.21,19.38,125,46.72,14.26,9.6,6.66,48.5,32.66,22.66,0,250138.45,2
14,0.04,0.94,0.04,57.79,45.45,53.12,58,47.62,13.11,8.6,6.24,52.49,34.42,24.99,0,248164.8549,2
14,-0.01,1.05,-0.02,50.15,35.34,45.33,55,44.24,16.31,10.15,7.22,60.74,37.79,26.87,0,216638.345,2
14,0.1,1.25,0.11,45.93,37.38,42.16,73,42.23,16.45,9.52,6.95,72.85,42.15,30.77,0,176114.6471,2
14,-0.06,0.96,-0.06,59.8,48.4,56.34,65,43.04,15.74,9.89,6.77,59.19,37.18,25.47,0,188372.34,2
14,-0.07,1.14,-0.08,54.04,42.3,40.43,70,56.37,9.55,7.88,5.4,21.23,17.52,12.01,0,251123.0907,2
14,0.09,1.26,0.11,57.69,47.41,40.42,64,56.89,9.4,7.63,5.36,23.11,18.77,13.19,0,272517.84,2
14,0.15,1.05,0.19,78.93,67.52,58.95,85,55.8,8.8,7.2,4.93,22.29,18.23,12.48,0,233219.3429,2
14,0.2,1.21,0.26,96.22,82.4,74.48,58,56.29,10.35,8.22,5.84,25.83,20.53,14.59,0,269532.57,2
14,0.07,1.22,0.1,66.73,57.66,49.52,73,55.43,10.14,7.9,5.64,28.44,22.14,15.81,0,261651.2166,2
14,0.01,1.08,0.01,64.65,56.93,50.27,88,55.78,11.63,9.12,6.51,27.51,21.58,15.39,0,255367.3796,2
14,-0.06,1.09,-0.08,46.93,37.65,36.69,128,55.05,10.66,8.38,5.89,27.16,21.36,14.99,0,223369.46,2
14,-0.1,1.17,-0.13,44.04,40.38,33.28,127,54.78,9.52,7.36,5.23,29.37,22.7,16.13,0,200948.97,2
14,-0.08,0.76,-0.11,40.53,36.17,28.98,122,58,8.45,7.06,4.91,19.56,16.36,11.38,0,194434.2462,2
14,-0.06,0.74,-0.08,43.66,39.6,32.46,122,60.39,8.1,6.86,4.91,18.18,15.38,11,0,199740.5873,2
14,-0.21,1.17,-0.28,35.7,27.98,25.54,141,56.08,9.65,7.58,5.43,27.27,21.43,15.33,0,184063.7676,2
14,-0.19,0.75,-0.25,31.66,29.35,24.2,181,61.48,9.35,8.02,5.76,16.62,14.25,10.24,0,171658.52,2
14,-0.26,0.59,-0.35,43.53,37.24,31.96,116,61.26,7.96,7.01,4.89,13.48,11.87,8.27,0,182598.5443,2
14,-0.22,0.51,-0.3,52.76,44.32,39.71,102,64.07,7.98,7.15,5.12,11.57,10.37,7.43,0,171130.3632,2
14,-0.99,0.54,-1.34,32.75,27.56,22.01,118,61.64,7.76,6.98,4.8,11.17,10.05,6.91,0,204488.2106,2
14,-0.74,0.49,-0.99,39.94,35.74,31.74,155,65.5,6.58,5.97,4.32,10.22,9.27,6.71,0,184511.6,2
14,-0.72,0.58,-0.99,102.67,71.52,65.72,39,61.58,8.48,7.57,5.23,12.06,10.76,7.44,0,177281.3231,2
14,-0.7,0.62,-0.96,78.41,61.1,58.52,69,61,9.07,8.02,5.54,13.04,11.54,7.97,0,177126.1729,2
14,-0.61,0.88,-0.83,33.34,21.5,25.01,134,56.32,11.23,9.35,6.35,20.18,16.79,11.4,0,166852.1379,2
14,-0.59,1.2,-0.82,40.18,34.13,29.7,142,56.8,12.05,9.62,6.87,25.24,20.15,14.38,0,153677.53,2
14,-0.46,1.09,-0.62,29.47,25.53,22.2,169,57.06,10.86,8.69,6.22,25.02,20.01,14.33,0,138686.5382,2
14,-0.47,1.04,-0.62,46.16,38.37,36.27,121,58.36,10.6,8.53,6.21,24.22,19.5,14.18,0,116484.3823,2
14,-0.29,1.02,-0.38,44.25,38.04,35.19,130,51.72,13.79,10.61,7.16,29.93,23.04,15.55,0,125823.1747,2
14,-0.26,1.74,-0.33,36.85,32.38,29.04,129,48.96,34.85,23.64,17.13,47.45,32.18,23.33,0,119471.66,2
14,-0.66,2.53,-0.84,13.82,12.84,11.2,369,46.78,48.91,30.68,22.93,59.41,37.27,27.85,1,102519.4824,2
14,1.43,4.36,2.03,4.19,3.23,0.36,464,42.24,47.76,31.05,20.28,53.8,34.98,22.85,1,132340.3914,2
14,1.72,4.19,2.62,10.75,9.99,6.82,522,45.92,42.5,28.12,19.62,51.12,33.83,23.6,1,146793.3,2
14,0.72,3.02,1.17,15.66,14.49,9.95,404,45.14,40.15,27.34,18.24,46.89,31.92,21.29,1,137769.5655,2
14,0.53,2.9,0.85,14.98,13.77,9.66,423,45.89,39.1,26.91,18.05,45.33,31.19,20.92,1,161894.1273,2
14,0.52,2.61,0.84,12.89,10.5,7.2,396,43.69,42.27,28.73,18.58,47.13,32.03,20.71,1,135905.5728,2
14,0.63,2.6,1,16.19,15.15,10.49,390,44.81,40.09,27.33,18.06,46.69,31.83,21.04,1,163923,2
14,0.59,2.43,0.9,17.22,16.02,12.88,378,43.48,38.6,26.04,16.88,48.24,32.54,21.1,1,169568.8413,2
14,0.7,2.6,1.06,12.32,11.31,8.18,381,44.72,37.85,25.69,17.02,47.32,32.12,21.28,1,171798.1233,2
14,0.22,2.51,0.34,13.54,11.84,7.6,373,43.71,38,26.05,16.7,45.86,31.44,20.16,1,182959.9522,2
14,0.23,2.75,0.34,15.21,14.32,10.43,371,43.87,38.01,25.55,16.8,48.75,32.77,21.55,1,182477.0596,2
14,0.14,2.6,0.22,16.61,15.74,12.04,356,43.78,39.93,27.25,17.58,46.53,31.75,20.49,1,204710.4253,2
14,0.13,2.51,0.2,14.98,14.16,10.51,340,44.4,40.6,27.69,18.12,46.65,31.81,20.82,1,185434.5994,2
14,0.19,2.47,0.28,13.06,11.56,8.77,347,44.32,39.76,26.93,17.7,47.62,32.26,21.2,1,187173.326,2
14,0.15,2.57,0.21,15.35,14,10.81,321,45.25,35.42,24.04,16.09,47.35,32.14,21.52,1,196001.37,2
14,0.19,2.7,0.27,15.67,14.86,11.52,343,44.38,41.93,28.11,18.69,49.16,32.96,21.92,1,203353.5392,2
14,0.18,2.62,0.26,14.6,13.8,10.73,343,45.49,40.44,27.45,18.48,47.32,32.12,21.62,1,188133.4089,2
14,0.03,2.77,0.04,9.86,8.51,6.08,353,42.53,44.04,29.12,18.82,51.22,33.87,21.89,1,187255.5331,2
14,0.45,2.8,0.64,13.91,13.05,9.83,309,41.88,43.46,28.37,18.28,53.15,34.71,22.36,1,195964.65,2
14,0.28,2.82,0.39,17.25,16.32,12.93,278,41.56,39.79,26.13,16.61,52.28,34.33,21.83,1,212624.3428,2
14,1.06,3.2,1.5,16.65,15.13,12.08,278,39.1,43.32,27.43,17.02,57.95,36.69,22.76,1,209196.436,2
14,0.92,3.3,1.33,9.73,7.61,5.48,335,38.63,44.34,27.72,17.21,59.97,37.49,23.28,1,196857.0322,2
14,1.11,3.1,1.57,17.37,15.62,12.72,306,38.69,43.92,27.09,17.08,62.15,38.33,24.16,1,199329,2
14,1.29,3.52,1.85,16.66,14.49,11.91,292,36.77,48.29,28.4,17.85,70.05,41.2,25.89,1,182188.0748,2
16,1.38,3.09,2.84,12.49,4.52,6.18,572,24.92,40.86,26.11,16.24,56.48,36.09,22.45,1,108401.6028,0
16,1.09,2.67,2.26,13.32,3.8,6.67,551,25.71,37.26,25.3,15.17,47.3,32.11,19.26,1,108424.4625,0
16,1.09,2.44,2.2,15.11,5.33,7.83,485,26.47,35.98,24.91,15.23,44.45,30.77,18.82,1,110095.5515,0
16,1.02,2.15,1.99,16.97,5.88,9.12,455,26.97,36.7,26.1,15.9,40.64,28.9,17.6,1,119497.5881,0
16,0.98,1.99,1.87,17.37,6.37,9.36,450,26.77,36.31,26.15,15.83,38.86,27.99,16.94,1,127983.6914,0
16,0.9,1.89,1.68,18.21,6.06,9.86,439,27.05,34.03,24.73,15.09,37.6,27.32,16.67,1,125688.4458,0
16,0.9,2.11,1.67,17.24,6.79,9.44,459,26.28,38.4,26.88,16.8,42.84,29.99,18.74,1,103905.4018,0
16,1.29,2.48,2.36,20.17,4.83,11.28,403,25.36,39.5,26.26,16.83,50.41,33.51,21.49,1,100809.7021,0
16,1.47,3.61,3.12,18.51,6.9,11.31,567,17.53,52.07,32.37,20.57,60.83,37.82,24.03,1,101150.8872,0
16,1.5,4.18,3.17,11.96,5,6.28,709,17.09,55.56,32.9,21.65,68.87,40.78,26.83,1,109032.6748,0
16,1.33,2.82,2.46,12.56,5.33,6.82,717,17.59,52.83,33.12,21.42,59.51,37.31,24.13,1,105382.5258,0
16,1.2,2.69,2.16,12.64,5.66,6.66,698,17.13,52.89,32.5,20.3,62.75,38.56,24.08,1,104184.1361,0
16,1.4,4.29,3.2,4.36,-0.7,-1.58,703,15.61,58.55,35.64,21.83,64.28,39.13,23.96,1,113761.2292,0
16,1.5,3.79,3.31,13.46,7.51,7.58,685,16.45,54.82,34.62,21.75,58.35,36.85,23.15,1,108612.6765,0
16,1.35,3.64,2.89,14.4,7.95,8.32,679,16.43,51.4,32.54,20.56,57.94,36.68,23.17,1,126604.0883,0
16,1.34,3.47,2.79,15.27,6.85,8.68,632,16.29,50.17,31.95,20.11,57,36.31,22.85,1,130053.1227,0
16,1.64,3.96,3.68,1.68,-4.27,-5.51,575,14.72,55.67,34.61,21.14,60.85,37.83,23.11,1,123690.2858,0
16,1.52,3.73,3.29,19.26,9.44,11.59,537,14.73,47.94,29.89,18.57,60.37,37.65,23.38,1,140623.9209,0
16,1.5,3.3,3.14,20.83,9.56,12.75,514,15.25,47.95,30.52,18.71,57.08,36.34,22.28,2,144055.2724,0
16,1.26,5.92,2.5,20.33,9.52,12.84,555,12.64,100.75,48.01,32.87,109.83,52.34,35.83,2,133572.2168,0
16,0.81,2.93,1.23,15.31,9.07,11.37,1061,14.17,93.97,47.44,32.71,98.09,49.52,34.15,2,140638.68,0
16,2.14,3.34,3.23,9.31,5.29,5.9,1214,5.74,776.96,87.05,48.57,792.5,88.8,49.54,2,196994.4568,0
16,2.04,3.23,3.04,10.18,6.45,6.6,1164,6.64,672.6,85.48,47.99,686.85,87.29,49,2,202826.2083,0
16,2.01,3.23,3,8.81,5.2,5.49,1255,7.33,598.99,84.61,47.56,607.91,85.87,48.27,2,207444.6881,0
16,2.83,5.78,5.21,1.51,-1.98,-1.67,1282,5.29,808.25,87.07,47.52,828.25,89.23,48.69,2,194369.2271,0
16,2.95,5.56,5.32,8.97,5.99,5.98,1332,3.96,1012.63,87.76,46.21,1053.89,91.33,48.09,2,198336.8265,0
16,3,5.54,5.37,9.77,5.31,6.47,1208,4.74,850.28,86.5,45.47,882.95,89.83,47.21,2,189501.8793,0
16,2.91,5.3,5.11,9.6,5.16,6.27,1202,5.43,722.46,82.81,43.4,772.41,88.54,46.4,2,177036.6702,0
16,2.15,3.33,3.19,11.7,6.3,8.27,1178,6.72,581.24,81,42.39,617.61,86.06,45.04,2,188262.1596,0
16,2.12,3.33,3.15,10.07,6.32,6.69,1188,7.62,515.42,79.71,42.36,546.59,84.53,44.92,2,220445.658,0
16,2.11,3.35,3.25,8.43,3.88,4.5,1013,8.3,447.95,77.13,40.08,480.74,82.78,43.01,2,227620.6944,0
17,0.08,1.24,0.09,27.82,26.41,24.49,96,48.94,36.85,25.44,18.03,44.88,30.98,21.96,1,103483.04,0
17,-0.27,0.91,-0.32,24.38,23.61,20.34,89,54.12,32.32,24.42,17.49,32.33,24.43,17.5,1,117626,0
17,-0.49,0.86,-0.59,26.83,26.35,22.48,82,55.78,29.96,23.05,16.71,29.97,23.06,16.72,1,113027.22,0
17,-0.01,1.32,-0.01,15.85,15.25,12.6,154,51.34,44.36,29.83,22.77,48.7,32.75,25,1,109662.56,0
17,-0.23,1.23,-0.29,21.3,21.06,18.14,159,52.91,36.82,26.15,19.48,40.81,28.98,21.59,1,110598.72,0
17,-0.55,1.72,-0.68,12.47,12.16,9.72,179,49.33,51.81,33.3,25.89,55.59,35.73,27.78,1,123619.75,0
17,-0.56,1.69,-0.69,14.23,13.99,11.59,188,51.14,49.26,32.23,25.54,52.85,34.57,27.4,1,113436.82,0
17,-0.17,1.82,-0.2,13,12.67,9.91,186,47.95,39.85,25.8,19.36,54.48,35.27,26.47,1,109771.125,0
17,-0.34,1.62,-0.42,19.93,19.59,16.42,201,50.01,36.89,25.1,18.69,46.97,31.96,23.8,1,136604.295,0
17,-0.56,1.84,-0.71,13.36,12.76,9.78,196,49.2,45.45,29.82,22.65,52.41,34.39,26.11,1,166506.9,0
17,-0.62,1.73,-0.79,16.26,15.69,12.94,214,51.18,42.41,28.49,21.98,48.88,32.83,25.33,1,173426.96,0
17,-0.7,1.34,-0.88,18.08,17.43,14.64,204,54.11,39.81,28.47,21.8,39.81,28.47,21.8,1,141781.57,0
17,-0.87,1.32,-1.07,25.86,3.64,22.35,195,54.09,36.71,26.3,20.09,39.56,28.35,21.65,1,157753.2,0
17,-1.08,1.16,-1.32,17.67,16.83,13.97,192,55.36,35.86,26.4,20.02,35.86,26.4,20.02,1,145660.645,0
17,-1.02,1.12,-1.24,19.85,19.18,16.2,192,57.5,34.96,25.91,20.27,34.96,25.91,20.27,1,129835.35,0
17,-0.92,1.1,-1.11,21.3,20.55,17.46,190,57.66,34.15,25.46,19.87,34.15,25.46,19.87,1,152901.15,0
17,-0.85,1.2,-1.04,27.69,26.57,23.69,194,55.78,30.68,22.33,17.27,37.37,27.2,21.03,1,152766.9,0
17,-1,1.06,-1.21,19.28,18.54,15.31,188,56.6,30.92,23.11,17.66,33.77,25.25,19.29,1,161578.56,0
17,-0.81,1.39,-0.98,21.48,20.39,17.8,195,53.96,42.63,29.3,23.23,45.51,31.28,24.8,1,156941.88,0
17,-0.79,1.38,-0.96,19.8,19.23,16.26,205,54.56,42.25,29.12,23.29,45.11,31.08,24.86,1,145568.34,0
17,-0.78,1.26,-0.93,27.34,26.47,23.81,210,54.57,40.97,29.06,22.61,40.97,29.06,22.61,1,159016.74,0
17,-0.85,1.64,-1.02,16.67,15.97,13.24,217,50.39,51.32,33.15,26.13,54.81,35.4,27.9,1,175330.13,0
17,-0.73,1.65,-0.88,18,17.45,14.83,230,51.11,51.38,33.18,26.56,54.84,35.42,28.35,1,187577.28,0
17,-0.73,1.63,-0.88,18.76,18.11,15.64,228,51.65,50.13,32.66,26.2,53.48,34.85,27.95,1,184310.14,0
17,-0.83,1.63,-1,23.57,22.92,20.54,239,51.93,47.61,31.57,25.02,50.79,33.68,26.7,1,186519.18,0
17,-1.08,2.19,-1.28,14.06,13.29,11.35,261,47.48,67.95,40.46,32.66,67.95,40.46,32.66,1,191624.86,0
17,-0.69,2.17,-0.82,15.16,14.36,12.56,282,48.36,67.67,40.36,33.02,67.67,40.36,33.02,1,188877.07,0
17,-0.65,2.18,-0.78,14.97,13.62,12.39,273,48.67,62.35,37.45,30.62,66.47,39.93,32.64,1,158819.38,0
17,-0.74,3.03,-0.89,14.46,12.62,12.25,325,43.88,81.39,43.88,36.03,85.46,46.08,37.83,1,163985.76,0
17,-0.85,3.1,-1.02,8.89,7.7,7.1,374,42.93,84.25,44.7,36.51,88.46,46.94,38.33,1,152857.68,0
17,-0.66,3.23,-0.8,9.67,9.15,7.96,371,43.13,86.2,45.25,37.51,90.52,47.51,39.39,1,166066.2,0
18,-0.17,3.59,-0.21,13.84,12.63,11.63,94,50.12,49.94,29.32,25.03,70.37,41.3,35.27,1,110334.1017,2
18,-0.47,7.06,-0.57,8.55,7.95,7.38,176,36.52,132.06,54.37,48.23,142.89,58.83,52.19,1,110813.2536,2
18,3.21,9.27,4.28,3.51,2.64,1.25,299,49.89,63.41,37.75,31.64,67.98,40.47,33.92,1,103943.031,2
18,3.09,9.13,4.51,5.99,5.25,3.7,306,50.47,63.83,38.15,32.22,67.34,40.24,33.99,1,106367.2037,2
18,2.92,8.74,4.54,6.16,5.48,4.01,324,49.81,64.46,38.23,32.1,68.58,40.68,34.16,1,110732.2764,2
19,0.5,0.59,0.57,97.75,26.13,85.75,8,64.91,17.9,15.16,11.63,18.06,15.3,11.73,0,116231.1787,4
19,0.22,0.46,0.25,114.63,45.88,101.25,8,61.38,14.12,12.36,8.68,14.21,12.44,8.73,0,128177.6273,4
19,0.23,0.41,0.25,153.75,73,139.5,8,63.79,13.34,11.76,8.52,13.42,11.83,8.57,0,130552.3465,4
19,-0.06,0.21,-0.07,132,57.25,117.38,8,69.06,6.24,5.87,4.31,6.31,5.93,4.36,0,121996.2202,4
19,-0.09,0.2,-0.11,1154,481,1017,1,65.74,5.8,5.47,3.81,6.03,5.68,3.97,0,103987.6814,4
19,-0.03,0.19,-0.03,188.13,76.5,169.88,8,68.76,5.52,5.22,3.8,5.73,5.42,3.95,0,112047.7956,4
19,0.1,0.18,0.12,241.6,26.6,210.8,5,69.74,5.35,5.07,3.73,5.56,5.26,3.88,0,115958.0715,4
19,-0.02,0.31,-0.02,401.33,129.33,342.33,3,64.99,8.1,7.48,5.27,8.28,7.65,5.39,0,115886.8642,4
19,0,0.3,0,210.63,97.25,187,8,67.46,7.63,7.07,5.15,7.86,7.29,5.31,0,109368,4
19,0.9,1.49,1.11,19.3,17.22,16.57,155,42,61.08,37.87,25.66,61.27,37.99,25.74,1,108055.56,4
19,0.92,1.47,1.12,13.92,11.67,11.18,155,42.58,60.77,37.75,25.87,60.96,37.87,25.95,1,115130.05,4
19,0.88,1.39,1.07,13.11,10.49,10.54,166,43.27,53.3,33.16,23.06,60.73,37.78,26.28,1,108401.92,4
19,0.86,1.57,1.04,15.42,13.64,12.77,164,37.09,69.91,39.27,25.93,78.03,43.83,28.94,1,106053,4
19,0.9,1.48,1.09,19.89,18.04,17.34,174,36.68,73.98,40.55,27.14,82.43,45.18,30.24,1,107647.92,4
19,1.02,1.75,1.22,14.31,12.33,12.01,191,32.44,103.36,48.61,33.53,112.63,52.97,36.54,1,107343.5,4
19,1.17,1.61,1.4,12.09,9.76,9.68,182,30.9,117.32,53.92,36.26,117.59,54.04,36.34,1,128531.36,4
19,1.1,1.58,1.31,14.26,12.76,11.92,191,28.49,121.09,54.7,34.5,121.37,54.83,34.58,1,136476.94,4
19,1.08,1.71,1.28,18.74,17.08,16.58,208,26.35,145.78,59.24,38.41,146.08,59.36,38.49,1,142305.45,4
19,1.23,1.67,1.45,13.77,12.08,11.71,218,24.35,165.11,62.2,40.21,165.45,62.33,40.29,1,150266.52,4
19,1.26,1.64,1.48,12.36,10.28,10.29,213,23.34,180.96,63.61,42.23,184.48,64.85,43.05,1,156775.52,4
19,1.12,1.56,1.3,15.49,13.85,13.18,197,21.65,150.13,52.99,32.51,183.31,64.7,39.69,1,157451.52,4
19,1.13,1.76,1.31,17.63,15.99,15.65,233,19.72,188.93,58.25,37.26,224.33,69.17,44.24,1,166693.05,4
25,-1.4,0.9,-1.67,34.75,31.4,29.02,60,57.14,25.77,20.49,14.73,25.77,20.49,14.73,1,129135.8,0
25,-1.33,0.89,-1.62,27.59,25.58,22.63,88,55.2,26.47,20.93,14.62,26.47,20.93,14.62,1,109546.72,0
25,-1.42,0.85,-1.73,26.04,23.77,22.34,94,56.85,25.27,20.17,14.37,25.27,20.17,14.37,1,143790.64,0
25,-1.51,0.81,-1.79,26.04,22.53,22.44,95,57.47,24.13,19.44,13.87,24.13,19.44,13.87,1,159364.8,0
25,-1.6,0.77,-1.88,27.1,23.22,23.38,94,58.4,22.71,18.51,13.27,22.71,18.51,13.27,1,163639.62,0
25,-1.55,0.73,-1.8,14.63,12.83,12.64,188,59.02,20.35,16.91,12.01,20.35,16.91,12.01,1,176716.268,0
25,-1.69,0.72,-1.97,30.3,27.22,25.92,96,60.81,19.36,16.22,11.82,19.36,16.22,11.82,1,194015.8,0
25,-1.43,0.72,-1.67,31.44,28.2,26.42,91,59.33,20.83,17.24,12.39,20.83,17.24,12.39,1,144595,0
25,-1.58,0.73,-1.86,37.9,33.24,31.49,68,58.01,19.32,15.99,11.23,20.83,17.24,12.11,1,151347.2,0
25,-1.71,0.72,-2.02,46.23,40.61,39.52,64,58.49,18.58,15.48,10.88,20.04,16.69,11.74,1,132179.99,0
25,-2.31,1.23,-2.77,19.36,17.37,15.3,105,57.61,27.67,21.67,15.95,27.67,21.67,15.95,1,106320.24,0
25,-2.72,1.41,-3.37,17.4,15.55,12.81,114,56.73,26.62,21.02,15.11,26.62,21.02,15.11,1,126575.8,0
25,-2.86,1.48,-3.6,22.39,20.99,18.63,114,58.24,25.67,20.42,14.96,25.67,20.42,14.96,1,139001.67,0
25,-2.59,2.01,-3.23,18.25,16.68,15,158,54.33,36.58,26.78,19.89,36.58,26.78,19.89,1,131709.98,0
25,-2.33,1.84,-2.88,15.48,13.88,12.88,182,55.28,27.64,20.51,15.28,34.77,25.8,19.23,1,154093.46,0
25,-2.2,1.67,-2.68,17.4,15.57,13.76,169,54.56,27.52,20.46,15.02,34.51,25.66,18.84,1,130460.85,0
25,-2.05,1.63,-2.52,17.49,15.53,14.16,166,55.83,27.33,20.37,15.26,34.18,25.47,19.09,1,127490.22,0
25,-2.26,1.75,-2.87,14.73,12.7,10.46,161,55.67,26.6,19.95,14.82,33.36,25.02,18.59,1,115805.69,0
25,-2.71,1.97,-3.48,21.99,20.09,18.23,150,55.17,33.08,24.63,18.26,34.31,25.55,18.94,1,105193.68,0
25,-2.75,1.79,-3.5,22.39,20.53,18.21,151,56.34,31.7,24.04,17.87,31.86,24.16,17.96,1,107552.34,0
25,-2.28,1.54,-2.85,23.13,21.18,18.97,147,57.6,29.27,22.63,16.86,29.34,22.68,16.9,1,112581.45,0
25,-2.34,1.51,-2.9,23.99,21.99,20.29,145,58.49,22.81,17.74,13.35,28.61,22.24,16.74,1,109861.05,0
25,-2.54,1.45,-3.07,23.81,21.59,19.68,143,58.42,21.86,17.16,12.78,27.42,21.52,16.02,1,137397.944,0
25,-2.4,1.48,-2.91,21.76,19.51,17.54,140,58.46,21.98,17.23,12.85,27.54,21.6,16.11,1,120156.705,0
25,-2.45,1.74,-3.03,16.76,14.83,12.26,136,56.97,22.08,16.91,12.58,30.57,23.41,17.42,1,115240.2,0
25,-2.49,2.2,-3.12,21.58,19.02,17.41,146,54.77,36.53,26.58,20.01,37.44,27.24,20.51,1,117668,0
25,-2.65,2.23,-3.34,23.25,20.96,18.88,142,53.92,35.89,26.24,19.36,36.79,26.89,19.84,1,132628.79,0
25,-2.67,2.27,-3.37,21.14,19.09,16.85,139,54.54,34.59,25.25,18.86,36.98,27,20.17,1,121492.02,0
25,-2.57,2.01,-3.19,23.38,21.47,18.86,139,55.01,34.07,25.13,18.74,35.55,26.22,19.56,1,144068.47,0
25,-2.57,1.99,-3.16,25.12,22.55,21.04,139,55.38,28.19,20.77,15.62,35.7,26.31,19.78,1,146780.26,0
25,-2.65,2.35,-3.26,23.7,21.56,19.34,149,52.66,35.94,25.23,18.93,42.46,29.81,22.36,1,144414,0
25,-2.49,2.14,-3,22.55,20.91,19.36,159,53.66,36,25.52,19.32,41.05,29.1,22.03,1,149156.7,0
25,-2.48,2.02,-2.94,23.41,21.47,20.33,162,54.04,35.47,25.26,19.17,40.41,28.78,21.84,1,118065.24,0
25,-2.42,2.34,-2.85,20.14,18.41,17.05,175,52.55,39.18,26.86,20.59,45.86,31.44,24.1,1,138384.66,0
26,0.88,3.05,1.85,36.37,3.47,19.79,189,46.04,22.76,18.03,10.6,26.2,20.76,12.21,0,174974.4,7
26,0.93,2.4,1.73,1335,-541.5,546,4,46.69,22.34,17.82,10.56,25.36,20.23,11.99,0,187125.9,7
26,0.94,2.06,1.59,42.87,22.77,31.66,261,46.44,24.97,19.71,11.74,26.7,21.07,12.55,0,177770.8,7
26,0.83,1.85,1.3,56.9,22.8,39.95,191,46.25,25.72,19.95,12.04,28.96,22.46,13.56,0,158858.3,7
26,0.91,2.07,1.55,31.13,0.82,11.58,317,45.95,24.33,18.55,11.31,31.21,23.79,14.51,0,184786.9,7
26,0.74,1.69,1.18,43.67,19.13,29.41,227,45.89,22.95,17.71,10.66,29.6,22.84,13.74,0,205268.7,7
26,0.57,1.43,0.87,38.52,28.02,30.12,395,45.96,19.91,15.71,9.26,26.69,21.07,12.42,0,230745.5,7
26,0.46,1.24,0.67,41.16,27.33,33.2,360,47.17,18.81,15,8.97,25.4,20.26,12.11,0,225298.5,7
26,0.37,0.96,0.49,42.68,20.74,31.19,331,47.37,18.71,15.13,8.95,23.68,19.15,11.33,0,198035.3,7
26,0.46,0.87,0.61,41.05,1.94,29.75,287,49.1,17.81,14.63,8.82,21.74,17.86,10.77,0,237378.6,7
26,0.35,0.81,0.46,28.08,16.38,21.91,552,47.35,17.34,14.37,8.29,20.71,17.16,9.9,0,222372.2,7
27,-7.44,2.95,-9.25,17.24,13.75,14.74,325,44.12,10.76,8.41,4.92,27.92,21.83,12.76,0,153933.5,6
27,-3.73,2.8,-4.32,15.52,12.7,13.31,414,41.31,9.67,7.01,4.12,37.93,27.5,16.17,0,200684.7,6
27,-3.63,3.07,-4.32,9.74,6.39,7.36,462,40.88,9.93,7.13,4.19,39.3,28.21,16.6,0,197684.8,6
27,-4.1,3.13,-4.96,12.44,9.24,10.22,492,41.12,9.41,6.82,4,37.95,27.51,16.12,0,205169.5,6
27,-3.87,2.8,-4.66,16.71,13.24,14.31,487,42.26,19.41,14.28,8.5,35.95,26.44,15.74,0,198316.4,6
27,-4.6,3.12,-5.74,7.85,4.84,5.54,492,42.51,19.34,14.38,8.44,34.42,25.61,15.02,0,206681.7,6
27,-4.37,2.77,-5.34,13.89,9.94,11.59,497,42.59,19.35,14.44,8.43,34.01,25.38,14.82,0,191706.8,6
27,-4.02,3.13,-4.97,9.89,5.49,7.63,507,41.49,19.92,14.55,8.47,36.91,26.96,15.69,0,176172.5,6
27,-4.64,3.49,-5.89,12.1,7.21,9.64,515,41.98,19.28,14.21,8.3,35.74,26.33,15.38,0,189220.9,6
27,-4.63,3.08,-5.74,12.65,8.58,10.29,531,42.78,19.15,14.26,8.39,34.3,25.54,15.03,0,201155.1,6
27,-4.71,3.14,-5.91,11.79,7.35,9.47,545,43.12,18.79,14.06,8.3,33.64,25.17,14.86,0,206399.4,6
27,-4.57,2.83,-5.62,14.29,9.49,11.91,544,43.53,18.9,14.2,8.43,33.06,24.85,14.74,0,219271.9,6
27,-4.2,2.57,-5.09,16.49,11.54,13.94,522,43.9,18.87,14.22,8.46,32.75,24.67,14.68,0,220253.2,6
27,-4.19,2.36,-5.05,17.47,13.39,14.51,540,44.78,18.25,13.9,8.34,31.29,23.84,14.3,0,256830.1,6
27,-3.98,2.2,-4.75,15.73,11.17,13.33,559,45.24,18.47,14.08,8.48,31.2,23.78,14.32,0,277135.1,6
27,-3.87,2.15,-4.58,16.03,10.92,13.7,581,45.49,18.93,14.44,8.74,31.1,23.72,14.35,0,280126.3,6
27,-4.01,2.32,-4.88,17.09,11.52,12.99,603,45.76,20.78,15.72,9.62,32.17,24.34,14.89,0,292459.4,6
27,-4.1,2.4,-5.04,13.62,9.41,10.95,663,45.99,20.74,15.73,9.65,31.8,24.13,14.79,0,308057.6,6
27,-4.17,2.27,-5.11,16.17,11.5,13.61,707,46.39,20.63,15.71,9.68,31.29,23.83,14.69,0,311880.2,6
27,-4.37,2.32,-5.44,11.53,6.54,9.26,817,45.9,20.68,15.77,9.61,31.13,23.74,14.46,0,339898.2,6
27,-4.17,2.55,-5.15,8.29,3.59,6.48,1066,45.67,22.76,17.13,10.52,32.87,24.74,15.19,0,371318,6
27,-3.85,2.57,-4.73,11.88,7.94,9.74,875,45.47,23.12,17.22,10.66,34.22,25.5,15.78,0,357348.6,6
27,-4.26,2.84,-5.34,9.05,5.55,7.05,967,45.5,22.98,17.16,10.59,33.94,25.34,15.64,0,336607.5,6
27,-3.6,2.28,-4.35,19.57,13.83,17.27,865,45.52,23.03,17.21,10.61,33.79,25.25,15.57,0,320848.6,6
27,-3.66,2.19,-4.4,12.58,7.29,10.13,808,46.27,22.33,16.84,10.46,32.59,24.58,15.26,0,324985.4,6
27,-2.85,2.7,-3.46,8.32,5.89,6.5,1173,44.12,22.19,15.99,9.91,38.78,27.94,17.32,0,350839,6
27,-2.85,2.61,-3.46,14.21,9.67,11.14,727,44.37,22.01,15.94,9.88,38.09,27.58,17.11,0,356666.3,6
29,0.96,1.41,1.05,3.71,3.08,3.32,1120,30.22,52.66,31.96,18.38,64.77,39.31,22.61,2,125837.1288,1
29,1.16,1.52,1.27,16.51,15.25,15.06,281,31.69,49.02,29.22,17.82,67.77,40.39,24.63,2,135299.8457,1
29,1.05,1.66,1.15,15.48,13.8,14.2,320,30.86,50.05,28.92,17.59,73.1,42.23,25.69,2,134163.7009,1
29,0.99,1.45,1.08,16.36,14.41,15.03,306,32.53,49.15,30.07,18.05,63.43,38.81,23.3,2,153334.037,1
29,0.94,1.39,1.03,6.79,5.68,6.09,649,33.08,44.84,27.93,16.55,60.57,37.72,22.36,2,155736.2359,1
29,0.98,1.44,1.06,30.27,28.14,28.42,119,37.18,35.56,23.77,14.51,49.59,33.15,20.24,2,153508.2476,1
29,0.93,1.41,1,62.02,56.27,58.03,59,38.22,29.39,20.46,12.27,43.65,30.39,18.22,2,160413.6708,1
29,0.27,0.67,0.29,4.89,4.14,4.53,621,38,18.72,15.42,7.11,21.42,17.64,8.14,2,179971.4852,1
29,0.24,0.97,0.25,22.51,21.25,21.47,59,32.71,26.59,17.57,8.7,51.32,33.91,16.79,2,147636.7886,1
29,0.11,1.26,0.11,47.33,44.74,45.48,27,33.33,20.53,14.01,6.84,46.55,31.76,15.51,2,146408.1443,1
29,-0.02,1.03,-0.02,74.2,62.47,70.33,15,32.73,12.62,10.09,4.13,25.07,20.05,8.21,2,159298.2097,1
30,1.42,2.2,1.7,10.87,8.24,9,259,35.17,59.23,36.85,21.79,60.73,37.78,22.34,1,104318.8668,5
30,1.4,2.15,1.67,10.56,8.96,8.63,243,35.42,58.34,36.64,21.64,59.24,37.2,21.97,1,107110.8885,5
30,1.37,2.19,1.65,11.52,9.59,9.61,245,36.67,50.47,32.19,19.36,56.8,36.22,21.78,1,105614.8163,5
30,1.3,2.11,1.55,7.29,5.79,6.05,377,34.22,54.38,33.94,19.5,60.24,37.59,21.6,1,104578.125,5
30,1.49,2.33,1.77,11.05,9.38,9.13,239,31.37,58.77,34.05,19.5,72.58,42.06,24.08,1,104331.6503,5
,,,,,,,,,,,,,,,,,
,,,,,,,,,,,,,,,,,
,,,,,,,,,,,,,,,,,
,,,,,,,,,,,,,,,,,
,,,,,,,,,,,,,,,,,
,,,,,,,,,,,,,,,,,
,,,,,,,,,,,,,,,,,
,,,,,,,,,,,,,,,,,
,,,,,,,,,,,,,,,,,
,,,,,,,,,,,,,,,,,
,,,,,,,,,,,,,,,,,
,,,,,,,,,,,,,,,,,
,,,,,,,,,,,,,,,,,
,,,,,,,,,,,,,,,,,
,,,,,,,,,,,,,,,,,
,,,,,,,,,,,,,,,,,
,,,,,,,,,,,,,,,,,
,,,,,,,,,,,,,,,,,
,,,,,,,,,,,,,,,,,
,,,,,,,,,,,,,,,,,
,,,,,,,,,,,,,,,,,
,,,,,,,,,,,,,,,,,
,,,,,,,,,,,,,,,,,
,,,,,,,,,,,,,,,,,
,,,,,,,,,,,,,,,,,
,,,,,,,,,,,,,,,,,
,,,,,,,,,,,,,,,,,
,,,,,,,,,,,,,,,,,
,,,,,,,,,,,,,,,,,
,,,,,,,,,,,,,,,,,
,,,,,,,,,,,,,,,,,
,,,,,,,,,,,,,,,,,
,,,,,,,,,,,,,,,,,
,,,,,,,,,,,,,,,,,
,,,,,,,,,,,,,,,,,
,,,,,,,,,,,,,,,,,
,,,,,,,,,,,,,,,,,
,,,,,,,,,,,,,,,,,
,,,,,,,,,,,,,,,,,
,,,,,,,,,,,,,,,,,
,,,,,,,,,,,,,,,,,
,,,,,,,,,,,,,,,,,
,,,,,,,,,,,,,,,,,
,,,,,,,,,,,,,,,,,
,,,,,,,,,,,,,,,,,
,,,,,,,,,,,,,,,,,
,,,,,,,,,,,,,,,,,
,,,,,,,,,,,,,,,,,
,,,,,,,,,,,,,,,,,
,,,,,,,,,,,,,,,,,
,,,,,,,,,,,,,,,,,
,,,,,,,,,,,,,,,,,
,,,,,,,,,,,,,,,,,
,,,,,,,,,,,,,,,,,
,,,,,,,,,,,,,,,,,
,,,,,,,,,,,,,,,,,
,,,,,,,,,,,,,,,,,
,,,,,,,,,,,,,,,,,
,,,,,,,,,,,,,,,,,
,,,,,,,,,,,,,,,,,
,,,,,,,,,,,,,,,,,
,,,,,,,,,,,,,,,,,
,,,,,,,,,,,,,,,,,
,,,,,,,,,,,,,,,,,
,,,,,,,,,,,,,,,,,
,,,,,,,,,,,,,,,,,
,,,,,,,,,,,,,,,,,
,,,,,,,,,,,,,,,,,
,,,,,,,,,,,,,,,,,
,,,,,,,,,,,,,,,,,
,,,,,,,,,,,,,,,,,
,,,,,,,,,,,,,,,,,
,,,,,,,,,,,,,,,,,
,,,,,,,,,,,,,,,,,
,,,,,,,,,,,,,,,,,
,,,,,,,,,,,,,,,,,
,,,,,,,,,,,,,,,,,
,,,,,,,,,,,,,,,,,
,,,,,,,,,,,,,,,,,
,,,,,,,,,,,,,,,,,
,,,,,,,,,,,,,,,,,
,,,,,,,,,,,,,,,,,
,,,,,,,,,,,,,,,,,
,,,,,,,,,,,,,,,,,
,,,,,,,,,,,,,,,,,
,,,,,,,,,,,,,,,,,
,,,,,,,,,,,,,,,,,
,,,,,,,,,,,,,,,,,
,,,,,,,,,,,,,,,,,
,,,,,,,,,,,,,,,,,
,,,,,,,,,,,,,,,,,
,,,,,,,,,,,,,,,,,
,,,,,,,,,,,,,,,,,
,,,,,,,,,,,,,,,,,
,,,,,,,,,,,,,,,,,
,,,,,,,,,,,,,,,,,
,,,,,,,,,,,,,,,,,
,,,,,,,,,,,,,,,,,
,,,,,,,,,,,,,,,,,
,,,,,,,,,,,,,,,,,
,,,,,,,,,,,,,,,,,
,,,,,,,,,,,,,,,,,
,,,,,,,,,,,,,,,,,
,,,,,,,,,,,,,,,,,
,,,,,,,,,,,,,,,,,
,,,,,,,,,,,,,,,,,
,,,,,,,,,,,,,,,,,
,,,,,,,,,,,,,,,,,
,,,,,,,,,,,,,,,,,
,,,,,,,,,,,,,,,,,
,,,,,,,,,,,,,,,,,
,,,,,,,,,,,,,,,,,
,,,,,,,,,,,,,,,,,
,,,,,,,,,,,,,,,,,
,,,,,,,,,,,,,,,,,
,,,,,,,,,,,,,,,,,
,,,,,,,,,,,,,,,,,
,,,,,,,,,,,,,,,,,
,,,,,,,,,,,,,,,,,
,,,,,,,,,,,,,,,,,
,,,,,,,,,,,,,,,,,
,,,,,,,,,,,,,,,,,
,,,,,,,,,,,,,,,,,
,,,,,,,,,,,,,,,,,
,,,,,,,,,,,,,,,,,
,,,,,,,,,,,,,,,,,
,,,,,,,,,,,,,,,,,
,,,,,,,,,,,,,,,,,
,,,,,,,,,,,,,,,,,
,,,,,,,,,,,,,,,,,
,,,,,,,,,,,,,,,,,
,,,,,,,,,,,,,,,,,
,,,,,,,,,,,,,,,,,
,,,,,,,,,,,,,,,,,
,,,,,,,,,,,,,,,,,
,,,,,,,,,,,,,,,,,
,,,,,,,,,,,,,,,,,
,,,,,,,,,,,,,,,,,
,,,,,,,,,,,,,,,,,
,,,,,,,,,,,,,,,,,
,,,,,,,,,,,,,,,,,
,,,,,,,,,,,,,,,,,
,,,,,,,,,,,,,,,,,
,,,,,,,,,,,,,,,,,
,,,,,,,,,,,,,,,,,
,,,,,,,,,,,,,,,,,
,,,,,,,,,,,,,,,,,
,,,,,,,,,,,,,,,,,
,,,,,,,,,,,,,,,,,
,,,,,,,,,,,,,,,,,
,,,,,,,,,,,,,,,,,
,,,,,,,,,,,,,,,,,
,,,,,,,,,,,,,,,,,
,,,,,,,,,,,,,,,,,
,,,,,,,,,,,,,,,,,
,,,,,,,,,,,,,,,,,
,,,,,,,,,,,,,,,,,
,,,,,,,,,,,,,,,,,
,,,,,,,,,,,,,,,,,
,,,,,,,,,,,,,,,,,
,,,,,,,,,,,,,,,,,
,,,,,,,,,,,,,,,,,
,,,,,,,,,,,,,,,,,
,,,,,,,,,,,,,,,,,
,,,,,,,,,,,,,,,,,
,,,,,,,,,,,,,,,,,
,,,,,,,,,,,,,,,,,
,,,,,,,,,,,,,,,,,
,,,,,,,,,,,,,,,,,
,,,,,,,,,,,,,,,,,
,,,,,,,,,,,,,,,,,
,,,,,,,,,,,,,,,,,
,,,,,,,,,,,,,,,,,
,,,,,,,,,,,,,,,,,
,,,,,,,,,,,,,,,,,
,,,,,,,,,,,,,,,,,
,,,,,,,,,,,,,,,,,
,,,,,,,,,,,,,,,,,
,,,,,,,,,,,,,,,,,
,,,,,,,,,,,,,,,,,
,,,,,,,,,,,,,,,,,
,,,,,,,,,,,,,,,,,
,,,,,,,,,,,,,,,,,
,,,,,,,,,,,,,,,,,
,,,,,,,,,,,,,,,,,
,,,,,,,,,,,,,,,,,
,,,,,,,,,,,,,,,,,
,,,,,,,,,,,,,,,,,
,,,,,,,,,,,,,,,,,
,,,,,,,,,,,,,,,,,
,,,,,,,,,,,,,,,,,
,,,,,,,,,,,,,,,,,
,,,,,,,,,,,,,,,,,
,,,,,,,,,,,,,,,,,
,,,,,,,,,,,,,,,,,
,,,,,,,,,,,,,,,,,
,,,,,,,,,,,,,,,,,
,,,,,,,,,,,,,,,,,
,,,,,,,,,,,,,,,,,
,,,,,,,,,,,,,,,,,
,,,,,,,,,,,,,,,,,
,,,,,,,,,,,,,,,,,
,,,,,,,,,,,,,,,,,
,,,,,,,,,,,,,,,,,
,,,,,,,,,,,,,,,,,
,,,,,,,,,,,,,,,,,
,,,,,,,,,,,,,,,,,
,,,,,,,,,,,,,,,,,
,,,,,,,,,,,,,,,,,
,,,,,,,,,,,,,,,,,
,,,,,,,,,,,,,,,,,
,,,,,,,,,,,,,,,,,
,,,,,,,,,,,,,,,,,
,,,,,,,,,,,,,,,,,
,,,,,,,,,,,,,,,,,
,,,,,,,,,,,,,,,,,
,,,,,,,,,,,,,,,,,
,,,,,,,,,,,,,,,,,
,,,,,,,,,,,,,,,,,
,,,,,,,,,,,,,,,,,
,,,,,,,,,,,,,,,,,
,,,,,,,,,,,,,,,,,
,,,,,,,,,,,,,,,,,
,,,,,,,,,,,,,,,,,
,,,,,,,,,,,,,,,,,
,,,,,,,,,,,,,,,,,
,,,,,,,,,,,,,,,,,
,,,,,,,,,,,,,,,,,
,,,,,,,,,,,,,,,,,
,,,,,,,,,,,,,,,,,
,,,,,,,,,,,,,,,,,
,,,,,,,,,,,,,,,,,
,,,,,,,,,,,,,,,,,
,,,,,,,,,,,,,,,,,
,,,,,,,,,,,,,,,,,
,,,,,,,,,,,,,,,,,
,,,,,,,,,,,,,,,,,
,,,,,,,,,,,,,,,,,
,,,,,,,,,,,,,,,,,
,,,,,,,,,,,,,,,,,
,,,,,,,,,,,,,,,,,
,,,,,,,,,,,,,,,,,
,,,,,,,,,,,,,,,,,
,,,,,,,,,,,,,,,,,
,,,,,,,,,,,,,,,,,
,,,,,,,,,,,,,,,,,
,,,,,,,,,,,,,,,,,
,,,,,,,,,,,,,,,,,
,,,,,,,,,,,,,,,,,
,,,,,,,,,,,,,,,,,
,,,,,,,,,,,,,,,,,
,,,,,,,,,,,,,,,,,
,,,,,,,,,,,,,,,,,
,,,,,,,,,,,,,,,,,
,,,,,,,,,,,,,,,,,
,,,,,,,,,,,,,,,,,
,,,,,,,,,,,,,,,,,
,,,,,,,,,,,,,,,,,
,,,,,,,,,,,,,,,,,
,,,,,,,,,,,,,,,,,
,,,,,,,,,,,,,,,,,
,,,,,,,,,,,,,,,,,
,,,,,,,,,,,,,,,,,
,,,,,,,,,,,,,,,,,
,,,,,,,,,,,,,,,,,
,,,,,,,,,,,,,,,,,
,,,,,,,,,,,,,,,,,
,,,,,,,,,,,,,,,,,
,,,,,,,,,,,,,,,,,
,,,,,,,,,,,,,,,,,
,,,,,,,,,,,,,,,,,
,,,,,,,,,,,,,,,,,
,,,,,,,,,,,,,,,,,
,,,,,,,,,,,,,,,,,
,,,,,,,,,,,,,,,,,
,,,,,,,,,,,,,,,,,
,,,,,,,,,,,,,,,,,
,,,,,,,,,,,,,,,,,
,,,,,,,,,,,,,,,,,
,,,,,,,,,,,,,,,,,
,,,,,,,,,,,,,,,,,
,,,,,,,,,,,,,,,,,
,,,,,,,,,,,,,,,,,
,,,,,,,,,,,,,,,,,
,,,,,,,,,,,,,,,,,
,,,,,,,,,,,,,,,,,
,,,,,,,,,,,,,,,,,
,,,,,,,,,,,,,,,,,
,,,,,,,,,,,,,,,,,
,,,,,,,,,,,,,,,,,
,,,,,,,,,,,,,,,,,
,,,,,,,,,,,,,,,,,
,,,,,,,,,,,,,,,,,
,,,,,,,,,,,,,,,,,
,,,,,,,,,,,,,,,,,
,,,,,,,,,,,,,,,,,
,,,,,,,,,,,,,,,,,
,,,,,,,,,,,,,,,,,
,,,,,,,,,,,,,,,,,
,,,,,,,,,,,,,,,,,
,,,,,,,,,,,,,,,,,
,,,,,,,,,,,,,,,,,
,,,,,,,,,,,,,,,,,
,,,,,,,,,,,,,,,,,
,,,,,,,,,,,,,,,,,
,,,,,,,,,,,,,,,,,
,,,,,,,,,,,,,,,,,
,,,,,,,,,,,,,,,,,
,,,,,,,,,,,,,,,,,
,,,,,,,,,,,,,,,,,
,,,,,,,,,,,,,,,,,
,,,,,,,,,,,,,,,,,
,,,,,,,,,,,,,,,,,
,,,,,,,,,,,,,,,,,
,,,,,,,,,,,,,,,,,
,,,,,,,,,,,,,,,,,
,,,,,,,,,,,,,,,,,
,,,,,,,,,,,,,,,,,
,,,,,,,,,,,,,,,,,
,,,,,,,,,,,,,,,,,
,,,,,,,,,,,,,,,,,
,,,,,,,,,,,,,,,,,
,,,,,,,,,,,,,,,,,
,,,,,,,,,,,,,,,,,
,,,,,,,,,,,,,,,,,
,,,,,,,,,,,,,,,,,
,,,,,,,,,,,,,,,,,
,,,,,,,,,,,,,,,,,
,,,,,,,,,,,,,,,,,
,,,,,,,,,,,,,,,,,
,,,,,,,,,,,,,,,,,
,,,,,,,,,,,,,,,,,
,,,,,,,,,,,,,,,,,
,,,,,,,,,,,,,,,,,
,,,,,,,,,,,,,,,,,
,,,,,,,,,,,,,,,,,
,,,,,,,,,,,,,,,,,
,,,,,,,,,,,,,,,,,
,,,,,,,,,,,,,,,,,
,,,,,,,,,,,,,,,,,
,,,,,,,,,,,,,,,,,
,,,,,,,,,,,,,,,,,
,,,,,,,,,,,,,,,,,
,,,,,,,,,,,,,,,,,
,,,,,,,,,,,,,,,,,
,,,,,,,,,,,,,,,,,
,,,,,,,,,,,,,,,,,
,,,,,,,,,,,,,,,,,
,,,,,,,,,,,,,,,,,
,,,,,,,,,,,,,,,,,
,,,,,,,,,,,,,,,,,
,,,,,,,,,,,,,,,,,
,,,,,,,,,,,,,,,,,
,,,,,,,,,,,,,,,,,
,,,,,,,,,,,,,,,,,
,,,,,,,,,,,,,,,,,
,,,,,,,,,,,,,,,,,
,,,,,,,,,,,,,,,,,
,,,,,,,,,,,,,,,,,
,,,,,,,,,,,,,,,,,
,,,,,,,,,,,,,,,,,
,,,,,,,,,,,,,,,,,
,,,,,,,,,,,,,,,,,
,,,,,,,,,,,,,,,,,
,,,,,,,,,,,,,,,,,
,,,,,,,,,,,,,,,,,
,,,,,,,,,,,,,,,,,
,,,,,,,,,,,,,,,,,
,,,,,,,,,,,,,,,,,
,,,,,,,,,,,,,,,,,
,,,,,,,,,,,,,,,,,
,,,,,,,,,,,,,,,,,
,,,,,,,,,,,,,,,,,
,,,,,,,,,,,,,,,,,
,,,,,,,,,,,,,,,,,
,,,,,,,,,,,,,,,,,
,,,,,,,,,,,,,,,,,
,,,,,,,,,,,,,,,,,
,,,,,,,,,,,,,,,,,
,,,,,,,,,,,,,,,,,
,,,,,,,,,,,,,,,,,
,,,,,,,,,,,,,,,,,
,,,,,,,,,,,,,,,,,
,,,,,,,,,,,,,,,,,
,,,,,,,,,,,,,,,,,
,,,,,,,,,,,,,,,,,
,,,,,,,,,,,,,,,,,
,,,,,,,,,,,,,,,,,
,,,,,,,,,,,,,,,,,
,,,,,,,,,,,,,,,,,
,,,,,,,,,,,,,,,,,
,,,,,,,,,,,,,,,,,
,,,,,,,,,,,,,,,,,
,,,,,,,,,,,,,,,,,
,,,,,,,,,,,,,,,,,
,,,,,,,,,,,,,,,,,
,,,,,,,,,,,,,,,,,
,,,,,,,,,,,,,,,,,
,,,,,,,,,,,,,,,,,
,,,,,,,,,,,,,,,,,
,,,,,,,,,,,,,,,,,
,,,,,,,,,,,,,,,,,
,,,,,,,,,,,,,,,,,
,,,,,,,,,,,,,,,,,
,,,,,,,,,,,,,,,,,
,,,,,,,,,,,,,,,,,
,,,,,,,,,,,,,,,,,
,,,,,,,,,,,,,,,,,
,,,,,,,,,,,,,,,,,
,,,,,,,,,,,,,,,,,
,,,,,,,,,,,,,,,,,
,,,,,,,,,,,,,,,,,
,,,,,,,,,,,,,,,,,
,,,,,,,,,,,,,,,,,
,,,,,,,,,,,,,,,,,
,,,,,,,,,,,,,,,,,
,,,,,,,,,,,,,,,,,
,,,,,,,,,,,,,,,,,
,,,,,,,,,,,,,,,,,
,,,,,,,,,,,,,,,,,
,,,,,,,,,,,,,,,,,
,,,,,,,,,,,,,,,,,
,,,,,,,,,,,,,,,,,
,,,,,,,,,,,,,,,,,
,,,,,,,,,,,,,,,,,
,,,,,,,,,,,,,,,,,
,,,,,,,,,,,,,,,,,
,,,,,,,,,,,,,,,,,
,,,,,,,,,,,,,,,,,
,,,,,,,,,,,,,,,,,
,,,,,,,,,,,,,,,,,
,,,,,,,,,,,,,,,,,
,,,,,,,,,,,,,,,,,
,,,,,,,,,,,,,,,,,
,,,,,,,,,,,,,,,,,
,,,,,,,,,,,,,,,,,
,,,,,,,,,,,,,,,,,
,,,,,,,,,,,,,,,,,
,,,,,,,,,,,,,,,,,
,,,,,,,,,,,,,,,,,
,,,,,,,,,,,,,,,,,
,,,,,,,,,,,,,,,,,
,,,,,,,,,,,,,,,,,
,,,,,,,,,,,,,,,,,
,,,,,,,,,,,,,,,,,
,,,,,,,,,,,,,,,,,
,,,,,,,,,,,,,,,,,
,,,,,,,,,,,,,,,,,
,,,,,,,,,,,,,,,,,
,,,,,,,,,,,,,,,,,
,,,,,,,,,,,,,,,,,
,,,,,,,,,,,,,,,,,
,,,,,,,,,,,,,,,,,
,,,,,,,,,,,,,,,,,
,,,,,,,,,,,,,,,,,
,,,,,,,,,,,,,,,,,
,,,,,,,,,,,,,,,,,
,,,,,,,,,,,,,,,,,
,,,,,,,,,,,,,,,,,
,,,,,,,,,,,,,,,,,
,,,,,,,,,,,,,,,,,
,,,,,,,,,,,,,,,,,
,,,,,,,,,,,,,,,,,
,,,,,,,,,,,,,,,,,
,,,,,,,,,,,,,,,,,
,,,,,,,,,,,,,,,,,
,,,,,,,,,,,,,,,,,
,,,,,,,,,,,,,,,,,
,,,,,,,,,,,,,,,,,
,,,,,,,,,,,,,,,,,
,,,,,,,,,,,,,,,,,
,,,,,,,,,,,,,,,,,
,,,,,,,,,,,,,,,,,
,,,,,,,,,,,,,,,,,
,,,,,,,,,,,,,,,,,
,,,,,,,,,,,,,,,,,
,,,,,,,,,,,,,,,,,
,,,,,,,,,,,,,,,,,
,,,,,,,,,,,,,,,,,
,,,,,,,,,,,,,,,,,
,,,,,,,,,,,,,,,,,
,,,,,,,,,,,,,,,,,
,,,,,,,,,,,,,,,,,
,,,,,,,,,,,,,,,,,
,,,,,,,,,,,,,,,,,
,,,,,,,,,,,,,,,,,
,,,,,,,,,,,,,,,,,
,,,,,,,,,,,,,,,,,
,,,,,,,,,,,,,,,,,
,,,,,,,,,,,,,,,,,
,,,,,,,,,,,,,,,,,
,,,,,,,,,,,,,,,,,
,,,,,,,,,,,,,,,,,
,,,,,,,,,,,,,,,,,
,,,,,,,,,,,,,,,,,
,,,,,,,,,,,,,,,,,
,,,,,,,,,,,,,,,,,
,,,,,,,,,,,,,,,,,
,,,,,,,,,,,,,,,,,
,,,,,,,,,,,,,,,,,
,,,,,,,,,,,,,,,,,
,,,,,,,,,,,,,,,,,
,,,,,,,,,,,,,,,,,
,,,,,,,,,,,,,,,,,
,,,,,,,,,,,,,,,,,
,,,,,,,,,,,,,,,,,
,,,,,,,,,,,,,,,,,
,,,,,,,,,,,,,,,,,
,,,,,,,,,,,,,,,,,
,,,,,,,,,,,,,,,,,
,,,,,,,,,,,,,,,,,
,,,,,,,,,,,,,,,,,
,,,,,,,,,,,,,,,,,
,,,,,,,,,,,,,,,,,
,,,,,,,,,,,,,,,,,
,,,,,,,,,,,,,,,,,
,,,,,,,,,,,,,,,,,
,,,,,,,,,,,,,,,,,
,,,,,,,,,,,,,,,,,
,,,,,,,,,,,,,,,,,
,,,,,,,,,,,,,,,,,
,,,,,,,,,,,,,,,,,
,,,,,,,,,,,,,,,,,
,,,,,,,,,,,,,,,,,
,,,,,,,,,,,,,,,,,
,,,,,,,,,,,,,,,,,
,,,,,,,,,,,,,,,,,
,,,,,,,,,,,,,,,,,
,,,,,,,,,,,,,,,,,
,,,,,,,,,,,,,,,,,
,,,,,,,,,,,,,,,,,
,,,,,,,,,,,,,,,,,
,,,,,,,,,,,,,,,,,
,,,,,,,,,,,,,,,,,
,,,,,,,,,,,,,,,,,
,,,,,,,,,,,,,,,,,
,,,,,,,,,,,,,,,,,
,,,,,,,,,,,,,,,,,
,,,,,,,,,,,,,,,,,
,,,,,,,,,,,,,,,,,
,,,,,,,,,,,,,,,,,
,,,,,,,,,,,,,,,,,
,,,,,,,,,,,,,,,,,
,,,,,,,,,,,,,,,,,
,,,,,,,,,,,,,,,,,
,,,,,,,,,,,,,,,,,
,,,,,,,,,,,,,,,,,
,,,,,,,,,,,,,,,,,
,,,,,,,,,,,,,,,,,
,,,,,,,,,,,,,,,,,
,,,,,,,,,,,,,,,,,
,,,,,,,,,,,,,,,,,
,,,,,,,,,,,,,,,,,
,,,,,,,,,,,,,,,,,
,,,,,,,,,,,,,,,,,
,,,,,,,,,,,,,,,,,
,,,,,,,,,,,,,,,,,
,,,,,,,,,,,,,,,,,
,,,,,,,,,,,,,,,,,
,,,,,,,,,,,,,,,,,
,,,,,,,,,,,,,,,,,
,,,,,,,,,,,,,,,,,
,,,,,,,,,,,,,,,,,
,,,,,,,,,,,,,,,,,
,,,,,,,,,,,,,,,,,
,,,,,,,,,,,,,,,,,
,,,,,,,,,,,,,,,,,
,,,,,,,,,,,,,,,,,
,,,,,,,,,,,,,,,,,
,,,,,,,,,,,,,,,,,
,,,,,,,,,,,,,,,,,
,,,,,,,,,,,,,,,,,
,,,,,,,,,,,,,,,,,
,,,,,,,,,,,,,,,,,
,,,,,,,,,,,,,,,,,
,,,,,,,,,,,,,,,,,
,,,,,,,,,,,,,,,,,
,,,,,,,,,,,,,,,,,
,,,,,,,,,,,,,,,,,
,,,,,,,,,,,,,,,,,
,,,,,,,,,,,,,,,,,
,,,,,,,,,,,,,,,,,
,,,,,,,,,,,,,,,,,
,,,,,,,,,,,,,,,,,
,,,,,,,,,,,,,,,,,
,,,,,,,,,,,,,,,,,
,,,,,,,,,,,,,,,,,
,,,,,,,,,,,,,,,,,
,,,,,,,,,,,,,,,,,
,,,,,,,,,,,,,,,,,
,,,,,,,,,,,,,,,,,
,,,,,,,,,,,,,,,,,
,,,,,,,,,,,,,,,,,
,,,,,,,,,,,,,,,,,
,,,,,,,,,,,,,,,,,
,,,,,,,,,,,,,,,,,
,,,,,,,,,,,,,,,,,
,,,,,,,,,,,,,,,,,
,,,,,,,,,,,,,,,,,
,,,,,,,,,,,,,,,,,
,,,,,,,,,,,,,,,,,
,,,,,,,,,,,,,,,,,
,,,,,,,,,,,,,,,,,
,,,,,,,,,,,,,,,,,
,,,,,,,,,,,,,,,,,
,,,,,,,,,,,,,,,,,
,,,,,,,,,,,,,,,,,
,,,,,,,,,,,,,,,,,
,,,,,,,,,,,,,,,,,
,,,,,,,,,,,,,,,,,
,,,,,,,,,,,,,,,,,
,,,,,,,,,,,,,,,,,
,,,,,,,,,,,,,,,,,
,,,,,,,,,,,,,,,,,
,,,,,,,,,,,,,,,,,
,,,,,,,,,,,,,,,,,
,,,,,,,,,,,,,,,,,
,,,,,,,,,,,,,,,,,
,,,,,,,,,,,,,,,,,
,,,,,,,,,,,,,,,,,
,,,,,,,,,,,,,,,,,
,,,,,,,,,,,,,,,,,
,,,,,,,,,,,,,,,,,
,,,,,,,,,,,,,,,,,
,,,,,,,,,,,,,,,,,
,,,,,,,,,,,,,,,,,
,,,,,,,,,,,,,,,,,
,,,,,,,,,,,,,,,,,
,,,,,,,,,,,,,,,,,
,,,,,,,,,,,,,,,,,
,,,,,,,,,,,,,,,,,
,,,,,,,,,,,,,,,,,
,,,,,,,,,,,,,,,,,
,,,,,,,,,,,,,,,,,
,,,,,,,,,,,,,,,,,
,,,,,,,,,,,,,,,,,
,,,,,,,,,,,,,,,,,
,,,,,,,,,,,,,,,,,
,,,,,,,,,,,,,,,,,
,,,,,,,,,,,,,,,,,
,,,,,,,,,,,,,,,,,
,,,,,,,,,,,,,,,,,
,,,,,,,,,,,,,,,,,
,,,,,,,,,,,,,,,,,
,,,,,,,,,,,,,,,,,
,,,,,,,,,,,,,,,,,
,,,,,,,,,,,,,,,,,
,,,,,,,,,,,,,,,,,
,,,,,,,,,,,,,,,,,
,,,,,,,,,,,,,,,,,
,,,,,,,,,,,,,,,,,
,,,,,,,,,,,,,,,,,
,,,,,,,,,,,,,,,,,
,,,,,,,,,,,,,,,,,
,,,,,,,,,,,,,,,,,
,,,,,,,,,,,,,,,,,
,,,,,,,,,,,,,,,,,
,,,,,,,,,,,,,,,,,
,,,,,,,,,,,,,,,,,
,,,,,,,,,,,,,,,,,
,,,,,,,,,,,,,,,,,
,,,,,,,,,,,,,,,,,
,,,,,,,,,,,,,,,,,
,,,,,,,,,,,,,,,,,
,,,,,,,,,,,,,,,,,
,,,,,,,,,,,,,,,,,
,,,,,,,,,,,,,,,,,
,,,,,,,,,,,,,,,,,
,,,,,,,,,,,,,,,,,
,,,,,,,,,,,,,,,,,
,,,,,,,,,,,,,,,,,
,,,,,,,,,,,,,,,,,
,,,,,,,,,,,,,,,,,
,,,,,,,,,,,,,,,,,
,,,,,,,,,,,,,,,,,
,,,,,,,,,,,,,,,,,
,,,,,,,,,,,,,,,,,
,,,,,,,,,,,,,,,,,
,,,,,,,,,,,,,,,,,
,,,,,,,,,,,,,,,,,
,,,,,,,,,,,,,,,,,
,,,,,,,,,,,,,,,,,
,,,,,,,,,,,,,,,,,
,,,,,,,,,,,,,,,,,
,,,,,,,,,,,,,,,,,
,,,,,,,,,,,,,,,,,
,,,,,,,,,,,,,,,,,
,,,,,,,,,,,,,,,,,
,,,,,,,,,,,,,,,,,
,,,,,,,,,,,,,,,,,
,,,,,,,,,,,,,,,,,
,,,,,,,,,,,,,,,,,
,,,,,,,,,,,,,,,,,
,,,,,,,,,,,,,,,,,
,,,,,,,,,,,,,,,,,
,,,,,,,,,,,,,,,,,
,,,,,,,,,,,,,,,,,
,,,,,,,,,,,,,,,,,
,,,,,,,,,,,,,,,,,
,,,,,,,,,,,,,,,,,
,,,,,,,,,,,,,,,,,
,,,,,,,,,,,,,,,,,
,,,,,,,,,,,,,,,,,
,,,,,,,,,,,,,,,,,
,,,,,,,,,,,,,,,,,
,,,,,,,,,,,,,,,,,
,,,,,,,,,,,,,,,,,
,,,,,,,,,,,,,,,,,
,,,,,,,,,,,,,,,,,
,,,,,,,,,,,,,,,,,
,,,,,,,,,,,,,,,,,
,,,,,,,,,,,,,,,,,
,,,,,,,,,,,,,,,,,
,,,,,,,,,,,,,,,,,
,,,,,,,,,,,,,,,,,
,,,,,,,,,,,,,,,,,
,,,,,,,,,,,,,,,,,
,,,,,,,,,,,,,,,,,
,,,,,,,,,,,,,,,,,
,,,,,,,,,,,,,,,,,
,,,,,,,,,,,,,,,,,
,,,,,,,,,,,,,,,,,
,,,,,,,,,,,,,,,,,
,,,,,,,,,,,,,,,,,
,,,,,,,,,,,,,,,,,
,,,,,,,,,,,,,,,,,
,,,,,,,,,,,,,,,,,
,,,,,,,,,,,,,,,,,
,,,,,,,,,,,,,,,,,
,,,,,,,,,,,,,,,,,
,,,,,,,,,,,,,,,,,
,,,,,,,,,,,,,,,,,
,,,,,,,,,,,,,,,,,
,,,,,,,,,,,,,,,,,
,,,,,,,,,,,,,,,,,
,,,,,,,,,,,,,,,,,
,,,,,,,,,,,,,,,,,
,,,,,,,,,,,,,,,,,
,,,,,,,,,,,,,,,,,
,,,,,,,,,,,,,,,,,
,,,,,,,,,,,,,,,,,
,,,,,,,,,,,,,,,,,
,,,,,,,,,,,,,,,,,
,,,,,,,,,,,,,,,,,
,,,,,,,,,,,,,,,,,
,,,,,,,,,,,,,,,,,
,,,,,,,,,,,,,,,,,
,,,,,,,,,,,,,,,,,
,,,,,,,,,,,,,,,,,
,,,,,,,,,,,,,,,,,
,,,,,,,,,,,,,,,,,
,,,,,,,,,,,,,,,,,
,,,,,,,,,,,,,,,,,
,,,,,,,,,,,,,,,,,
,,,,,,,,,,,,,,,,,
,,,,,,,,,,,,,,,,,
,,,,,,,,,,,,,,,,,
,,,,,,,,,,,,,,,,,
,,,,,,,,,,,,,,,,,
,,,,,,,,,,,,,,,,,
,,,,,,,,,,,,,,,,,
,,,,,,,,,,,,,,,,,
,,,,,,,,,,,,,,,,,
,,,,,,,,,,,,,,,,,
,,,,,,,,,,,,,,,,,
,,,,,,,,,,,,,,,,,
,,,,,,,,,,,,,,,,,
,,,,,,,,,,,,,,,,,
,,,,,,,,,,,,,,,,,
,,,,,,,,,,,,,,,,,
,,,,,,,,,,,,,,,,,
,,,,,,,,,,,,,,,,,
,,,,,,,,,,,,,,,,,
,,,,,,,,,,,,,,,,,
,,,,,,,,,,,,,,,,,
,,,,,,,,,,,,,,,,,
,,,,,,,,,,,,,,,,,
,,,,,,,,,,,,,,,,,
,,,,,,,,,,,,,,,,,
,,,,,,,,,,,,,,,,,
,,,,,,,,,,,,,,,,,
,,,,,,,,,,,,,,,,,
,,,,,,,,,,,,,,,,,
,,,,,,,,,,,,,,,,,
,,,,,,,,,,,,,,,,,
,,,,,,,,,,,,,,,,,
,,,,,,,,,,,,,,,,,
,,,,,,,,,,,,,,,,,
,,,,,,,,,,,,,,,,,
,,,,,,,,,,,,,,,,,
,,,,,,,,,,,,,,,,,
,,,,,,,,,,,,,,,,,
,,,,,,,,,,,,,,,,,
,,,,,,,,,,,,,,,,,
,,,,,,,,,,,,,,,,,
,,,,,,,,,,,,,,,,,
,,,,,,,,,,,,,,,,,
,,,,,,,,,,,,,,,,,
,,,,,,,,,,,,,,,,,
,,,,,,,,,,,,,,,,,
,,,,,,,,,,,,,,,,,
,,,,,,,,,,,,,,,,,
,,,,,,,,,,,,,,,,,
,,,,,,,,,,,,,,,,,
,,,,,,,,,,,,,,,,,
,,,,,,,,,,,,,,,,,
,,,,,,,,,,,,,,,,,
,,,,,,,,,,,,,,,,,
,,,,,,,,,,,,,,,,,
,,,,,,,,,,,,,,,,,
,,,,,,,,,,,,,,,,,
,,,,,,,,,,,,,,,,,
,,,,,,,,,,,,,,,,,
,,,,,,,,,,,,,,,,,
,,,,,,,,,,,,,,,,,
,,,,,,,,,,,,,,,,,
,,,,,,,,,,,,,,,,,
,,,,,,,,,,,,,,,,,
,,,,,,,,,,,,,,,,,
,,,,,,,,,,,,,,,,,
,,,,,,,,,,,,,,,,,
,,,,,,,,,,,,,,,,,
,,,,,,,,,,,,,,,,,
,,,,,,,,,,,,,,,,,
,,,,,,,,,,,,,,,,,
,,,,,,,,,,,,,,,,,
,,,,,,,,,,,,,,,,,
,,,,,,,,,,,,,,,,,
,,,,,,,,,,,,,,,,,
,,,,,,,,,,,,,,,,,
,,,,,,,,,,,,,,,,,
,,,,,,,,,,,,,,,,,
,,,,,,,,,,,,,,,,,
,,,,,,,,,,,,,,,,,
,,,,,,,,,,,,,,,,,
,,,,,,,,,,,,,,,,,
,,,,,,,,,,,,,,,,,
,,,,,,,,,,,,,,,,,
,,,,,,,,,,,,,,,,,
,,,,,,,,,,,,,,,,,
,,,,,,,,,,,,,,,,,
,,,,,,,,,,,,,,,,,
,,,,,,,,,,,,,,,,,
,,,,,,,,,,,,,,,,,
,,,,,,,,,,,,,,,,,
,,,,,,,,,,,,,,,,,
,,,,,,,,,,,,,,,,,
,,,,,,,,,,,,,,,,,
,,,,,,,,,,,,,,,,,
,,,,,,,,,,,,,,,,,
,,,,,,,,,,,,,,,,,
,,,,,,,,,,,,,,,,,
,,,,,,,,,,,,,,,,,
,,,,,,,,,,,,,,,,,
,,,,,,,,,,,,,,,,,
,,,,,,,,,,,,,,,,,
,,,,,,,,,,,,,,,,,
,,,,,,,,,,,,,,,,,
,,,,,,,,,,,,,,,,,
,,,,,,,,,,,,,,,,,
,,,,,,,,,,,,,,,,,
,,,,,,,,,,,,,,,,,
,,,,,,,,,,,,,,,,,
,,,,,,,,,,,,,,,,,
,,,,,,,,,,,,,,,,,
,,,,,,,,,,,,,,,,,
,,,,,,,,,,,,,,,,,
,,,,,,,,,,,,,,,,,
,,,,,,,,,,,,,,,,,
,,,,,,,,,,,,,,,,,
,,,,,,,,,,,,,,,,,
,,,,,,,,,,,,,,,,,
,,,,,,,,,,,,,,,,,
,,,,,,,,,,,,,,,,,
,,,,,,,,,,,,,,,,,
,,,,,,,,,,,,,,,,,
,,,,,,,,,,,,,,,,,
,,,,,,,,,,,,,,,,,
,,,,,,,,,,,,,,,,,
,,,,,,,,,,,,,,,,,
,,,,,,,,,,,,,,,,,
,,,,,,,,,,,,,,,,,
,,,,,,,,,,,,,,,,,
,,,,,,,,,,,,,,,,,
,,,,,,,,,,,,,,,,,
,,,,,,,,,,,,,,,,,
,,,,,,,,,,,,,,,,,
,,,,,,,,,,,,,,,,,
,,,,,,,,,,,,,,,,,
,,,,,,,,,,,,,,,,,
,,,,,,,,,,,,,,,,,
,,,,,,,,,,,,,,,,,
,,,,,,,,,,,,,,,,,
,,,,,,,,,,,,,,,,,
,,,,,,,,,,,,,,,,,
,,,,,,,,,,,,,,,,,
,,,,,,,,,,,,,,,,,
,,,,,,,,,,,,,,,,,
,,,,,,,,,,,,,,,,,
,,,,,,,,,,,,,,,,,
,,,,,,,,,,,,,,,,,
,,,,,,,,,,,,,,,,,
,,,,,,,,,,,,,,,,,
,,,,,,,,,,,,,,,,,
,,,,,,,,,,,,,,,,,
